{
  "v": "5.3.4",
  "fr": 60,
  "ip": 0,
  "op": 84,
  "w": 678,
  "h": 896,
  "nm": "share",
  "ddd": 0,
  "assets": [],
  "layers": [
    {
      "ddd": 0,
      "ind": 1,
      "ty": 4,
      "nm": "Слой 18",
      "sr": 1,
      "ks": {
        "o": {
          "a": 0,
          "k": 100,
          "ix": 11
        },
        "r": {
          "a": 0,
          "k": 0,
          "ix": 10
        },
        "p": {
          "a": 1,
          "k": [
            {
              "i": {
                "x": 0.347,
                "y": 1
              },
              "o": {
                "x": 0.333,
                "y": 0
              },
              "n": "0p347_1_0p333_0",
              "t": 64,
              "s": [338, 1288, 0],
              "e": [338, 492, 0],
              "to": [0, -132.66667175293, 0],
              "ti": [0, 132.66667175293, 0]
            },
            {
              "t": 76
            }
          ],
          "ix": 2
        },
        "a": {
          "a": 0,
          "k": [0, 0, 0],
          "ix": 1
        },
        "s": {
          "a": 0,
          "k": [100, 100, 100],
          "ix": 6
        }
      },
      "ao": 0,
      "shapes": [
        {
          "ty": "gr",
          "it": [
            {
              "ind": 0,
              "ty": "sh",
              "ix": 1,
              "ks": {
                "a": 1,
                "k": [
                  {
                    "i": {
                      "x": 0.354,
                      "y": 1
                    },
                    "o": {
                      "x": 0.333,
                      "y": 0
                    },
                    "n": "0p354_1_0p333_0",
                    "t": 65,
                    "s": [
                      {
                        "i": [
                          [0, 0],
                          [0, 0],
                          [0, 0],
                          [0, 0],
                          [0, 0],
                          [0, 0]
                        ],
                        "o": [
                          [0, 0],
                          [0, 0],
                          [0, 0],
                          [0, 0],
                          [0, 0],
                          [0, 0]
                        ],
                        "v": [
                          [0.125, -433.461],
                          [0.223, -433.488],
                          [0, -433.488],
                          [0.229, -433.33],
                          [0, -433.488],
                          [0.25, -433.262]
                        ],
                        "c": false
                      }
                    ],
                    "e": [
                      {
                        "i": [
                          [0, 0],
                          [0, 0],
                          [0, 0],
                          [0, 0],
                          [0, 0],
                          [0, 0]
                        ],
                        "o": [
                          [0, 0],
                          [0, 0],
                          [0, 0],
                          [0, 0],
                          [0, 0],
                          [0, 0]
                        ],
                        "v": [
                          [177, -256.711],
                          [0.223, -433.488],
                          [0, -433.488],
                          [-176.777, -256.711],
                          [0, -433.488],
                          [0, 169.488]
                        ],
                        "c": false
                      }
                    ]
                  },
                  {
                    "t": 79
                  }
                ],
                "ix": 2
              },
              "nm": "Path 1",
              "mn": "ADBE Vector Shape - Group",
              "hd": false
            },
            {
              "ty": "st",
              "c": {
                "a": 0,
                "k": [0, 0, 0, 1],
                "ix": 3
              },
              "o": {
                "a": 0,
                "k": 100,
                "ix": 4
              },
              "w": {
                "a": 0,
                "k": 50,
                "ix": 5
              },
              "lc": 2,
              "lj": 2,
              "nm": "Stroke 1",
              "mn": "ADBE Vector Graphic - Stroke",
              "hd": false
            },
            {
              "ty": "tr",
              "p": {
                "a": 0,
                "k": [0, 0],
                "ix": 2
              },
              "a": {
                "a": 0,
                "k": [0, 0],
                "ix": 1
              },
              "s": {
                "a": 0,
                "k": [100, 100],
                "ix": 3
              },
              "r": {
                "a": 0,
                "k": 0,
                "ix": 6
              },
              "o": {
                "a": 0,
                "k": 100,
                "ix": 7
              },
              "sk": {
                "a": 0,
                "k": 0,
                "ix": 4
              },
              "sa": {
                "a": 0,
                "k": 0,
                "ix": 5
              },
              "nm": "Transform"
            }
          ],
          "nm": "Group 1",
          "np": 2,
          "cix": 2,
          "ix": 1,
          "mn": "ADBE Vector Group",
          "hd": false
        }
      ],
      "ip": 65,
      "op": 84,
      "st": 63,
      "bm": 0
    },
    {
      "ddd": 0,
      "ind": 2,
      "ty": 4,
      "nm": "Слой 15",
      "sr": 1,
      "ks": {
        "o": {
          "a": 0,
          "k": 100,
          "ix": 11
        },
        "r": {
          "a": 0,
          "k": 0,
          "ix": 10
        },
        "p": {
          "a": 1,
          "k": [
            {
              "i": {
                "x": 0.393,
                "y": 1
              },
              "o": {
                "x": 0.333,
                "y": 0
              },
              "n": "0p393_1_0p333_0",
              "t": 5,
              "s": [338, 492, 0],
              "e": [338, 482, 0],
              "to": [0, -1.66666662693024, 0],
              "ti": [0, -22.1666660308838, 0]
            },
            {
              "i": {
                "x": 0.418,
                "y": 1
              },
              "o": {
                "x": 0.333,
                "y": 0
              },
              "n": "0p418_1_0p333_0",
              "t": 15,
              "s": [338, 482, 0],
              "e": [338, 625, 0],
              "to": [0, 22.1666660308838, 0],
              "ti": [0, -1.66666662693024, 0]
            },
            {
              "i": {
                "x": 0.362,
                "y": 1
              },
              "o": {
                "x": 0.333,
                "y": 0
              },
              "n": "0p362_1_0p333_0",
              "t": 26,
              "s": [338, 625, 0],
              "e": [338, 492, 0],
              "to": [0, 1.66666662693024, 0],
              "ti": [0, 22.1666660308838, 0]
            },
            {
              "t": 35
            }
          ],
          "ix": 2
        },
        "a": {
          "a": 0,
          "k": [0, 0, 0],
          "ix": 1
        },
        "s": {
          "a": 0,
          "k": [100, 100, 100],
          "ix": 6
        }
      },
      "ao": 0,
      "shapes": [
        {
          "ty": "gr",
          "it": [
            {
              "ind": 0,
              "ty": "sh",
              "ix": 1,
              "ks": {
                "a": 1,
                "k": [
                  {
                    "i": {
                      "x": 0.338,
                      "y": 1
                    },
                    "o": {
                      "x": 0.333,
                      "y": 0
                    },
                    "n": "0p338_1_0p333_0",
                    "t": 0,
                    "s": [
                      {
                        "i": [
                          [0, 0],
                          [0, 0],
                          [0, 0],
                          [0, 0],
                          [0, 0],
                          [0, 0]
                        ],
                        "o": [
                          [0, 0],
                          [0, 0],
                          [0, 0],
                          [0, 0],
                          [0, 0],
                          [0, 0]
                        ],
                        "v": [
                          [177, -256.711],
                          [0.223, -433.488],
                          [0, -433.488],
                          [-176.777, -256.711],
                          [0, -433.488],
                          [0, 169.488]
                        ],
                        "c": false
                      }
                    ],
                    "e": [
                      {
                        "i": [
                          [0, 0],
                          [0, 0],
                          [0, 0],
                          [0, 0],
                          [0, 0],
                          [0, 0]
                        ],
                        "o": [
                          [0, 0],
                          [0, 0],
                          [0, 0],
                          [0, 0],
                          [0, 0],
                          [0, 0]
                        ],
                        "v": [
                          [169, -252.711],
                          [0.223, -433.488],
                          [0, -433.488],
                          [-168.777, -252.711],
                          [0, -433.488],
                          [0, 169.488]
                        ],
                        "c": false
                      }
                    ]
                  },
                  {
                    "i": {
                      "x": 0.368,
                      "y": 1
                    },
                    "o": {
                      "x": 0.333,
                      "y": 0
                    },
                    "n": "0p368_1_0p333_0",
                    "t": 10,
                    "s": [
                      {
                        "i": [
                          [0, 0],
                          [0, 0],
                          [0, 0],
                          [0, 0],
                          [0, 0],
                          [0, 0]
                        ],
                        "o": [
                          [0, 0],
                          [0, 0],
                          [0, 0],
                          [0, 0],
                          [0, 0],
                          [0, 0]
                        ],
                        "v": [
                          [169, -252.711],
                          [0.223, -433.488],
                          [0, -433.488],
                          [-168.777, -252.711],
                          [0, -433.488],
                          [0, 169.488]
                        ],
                        "c": false
                      }
                    ],
                    "e": [
                      {
                        "i": [
                          [0, 0],
                          [0, 0],
                          [0, 0],
                          [0, 0],
                          [0, 0],
                          [0, 0]
                        ],
                        "o": [
                          [0, 0],
                          [0, 0],
                          [0, 0],
                          [0, 0],
                          [0, 0],
                          [0, 0]
                        ],
                        "v": [
                          [189, -181.274],
                          [0.223, -273],
                          [0, -273],
                          [-198.777, -181.274],
                          [0, -273],
                          [0, 169.488]
                        ],
                        "c": false
                      }
                    ]
                  },
                  {
                    "i": {
                      "x": 0.301,
                      "y": 1
                    },
                    "o": {
                      "x": 0.333,
                      "y": 0
                    },
                    "n": "0p301_1_0p333_0",
                    "t": 21,
                    "s": [
                      {
                        "i": [
                          [0, 0],
                          [0, 0],
                          [0, 0],
                          [0, 0],
                          [0, 0],
                          [0, 0]
                        ],
                        "o": [
                          [0, 0],
                          [0, 0],
                          [0, 0],
                          [0, 0],
                          [0, 0],
                          [0, 0]
                        ],
                        "v": [
                          [189, -181.274],
                          [0.223, -273],
                          [0, -273],
                          [-198.777, -181.274],
                          [0, -273],
                          [0, 169.488]
                        ],
                        "c": false
                      }
                    ],
                    "e": [
                      {
                        "i": [
                          [0, 0],
                          [0, 0],
                          [0, 0],
                          [0, 0],
                          [0, 0],
                          [0, 0]
                        ],
                        "o": [
                          [0, 0],
                          [0, 0],
                          [0, 0],
                          [0, 0],
                          [0, 0],
                          [0, 0]
                        ],
                        "v": [
                          [177, -256.711],
                          [0.223, -433.488],
                          [0, -433.488],
                          [-176.777, -256.711],
                          [0, -433.488],
                          [0, 169.488]
                        ],
                        "c": false
                      }
                    ]
                  },
                  {
                    "i": {
                      "x": 0.338,
                      "y": 1
                    },
                    "o": {
                      "x": 0.333,
                      "y": 0
                    },
                    "n": "0p338_1_0p333_0",
                    "t": 30,
                    "s": [
                      {
                        "i": [
                          [0, 0],
                          [0, 0],
                          [0, 0],
                          [0, 0],
                          [0, 0],
                          [0, 0]
                        ],
                        "o": [
                          [0, 0],
                          [0, 0],
                          [0, 0],
                          [0, 0],
                          [0, 0],
                          [0, 0]
                        ],
                        "v": [
                          [177, -256.711],
                          [0.223, -433.488],
                          [0, -433.488],
                          [-176.777, -256.711],
                          [0, -433.488],
                          [0, 169.488]
                        ],
                        "c": false
                      }
                    ],
                    "e": [
                      {
                        "i": [
                          [0, 0],
                          [0, 0],
                          [0, 0],
                          [0, 0],
                          [0, 0],
                          [0, 0]
                        ],
                        "o": [
                          [0, 0],
                          [0, 0],
                          [0, 0],
                          [0, 0],
                          [0, 0],
                          [0, 0]
                        ],
                        "v": [
                          [55, -331.686],
                          [0.223, -433.488],
                          [0, -433.488],
                          [-52.777, -331.843],
                          [0, -433.488],
                          [0, -78.512]
                        ],
                        "c": false
                      }
                    ]
                  },
                  {
                    "i": {
                      "x": 0.301,
                      "y": 1
                    },
                    "o": {
                      "x": 0.333,
                      "y": 0
                    },
                    "n": "0p301_1_0p333_0",
                    "t": 36,
                    "s": [
                      {
                        "i": [
                          [0, 0],
                          [0, 0],
                          [0, 0],
                          [0, 0],
                          [0, 0],
                          [0, 0]
                        ],
                        "o": [
                          [0, 0],
                          [0, 0],
                          [0, 0],
                          [0, 0],
                          [0, 0],
                          [0, 0]
                        ],
                        "v": [
                          [55, -331.686],
                          [0.223, -433.488],
                          [0, -433.488],
                          [-52.777, -331.843],
                          [0, -433.488],
                          [0, -78.512]
                        ],
                        "c": false
                      }
                    ],
                    "e": [
                      {
                        "i": [
                          [0, 0],
                          [0, 0],
                          [0, 0],
                          [0, 0],
                          [0, 0],
                          [0, 0]
                        ],
                        "o": [
                          [0, 0],
                          [0, 0],
                          [0, 0],
                          [0, 0],
                          [0, 0],
                          [0, 0]
                        ],
                        "v": [
                          [0.25, -432.593],
                          [0.223, -433.488],
                          [0, -433.488],
                          [-0.027, -433.093],
                          [0, -433.488],
                          [0, -432.512]
                        ],
                        "c": false
                      }
                    ]
                  },
                  {
                    "t": 42
                  }
                ],
                "ix": 2
              },
              "nm": "Path 1",
              "mn": "ADBE Vector Shape - Group",
              "hd": false
            },
            {
              "ty": "st",
              "c": {
                "a": 0,
                "k": [0, 0, 0, 1],
                "ix": 3
              },
              "o": {
                "a": 0,
                "k": 100,
                "ix": 4
              },
              "w": {
                "a": 0,
                "k": 50,
                "ix": 5
              },
              "lc": 2,
              "lj": 2,
              "nm": "Stroke 1",
              "mn": "ADBE Vector Graphic - Stroke",
              "hd": false
            },
            {
              "ty": "tr",
              "p": {
                "a": 0,
                "k": [0, 0],
                "ix": 2
              },
              "a": {
                "a": 0,
                "k": [0, 0],
                "ix": 1
              },
              "s": {
                "a": 0,
                "k": [100, 100],
                "ix": 3
              },
              "r": {
                "a": 0,
                "k": 0,
                "ix": 6
              },
              "o": {
                "a": 0,
                "k": 100,
                "ix": 7
              },
              "sk": {
                "a": 0,
                "k": 0,
                "ix": 4
              },
              "sa": {
                "a": 0,
                "k": 0,
                "ix": 5
              },
              "nm": "Transform"
            }
          ],
          "nm": "Group 1",
          "np": 2,
          "cix": 2,
          "ix": 1,
          "mn": "ADBE Vector Group",
          "hd": false
        }
      ],
      "ip": 0,
      "op": 39,
      "st": 0,
      "bm": 0
    },
    {
      "ddd": 0,
      "ind": 3,
      "ty": 4,
      "nm": "Слой 17",
      "sr": 1,
      "ks": {
        "o": {
          "a": 0,
          "k": 100,
          "ix": 11
        },
        "r": {
          "a": 0,
          "k": 0,
          "ix": 10
        },
        "p": {
          "a": 0,
          "k": [338, 492, 0],
          "ix": 2
        },
        "a": {
          "a": 0,
          "k": [0, 0, 0],
          "ix": 1
        },
        "s": {
          "a": 0,
          "k": [100, 100, 100],
          "ix": 6
        }
      },
      "ao": 0,
      "shapes": [
        {
          "ty": "gr",
          "it": [
            {
              "ind": 0,
              "ty": "sh",
              "ix": 1,
              "ks": {
                "a": 0,
                "k": {
                  "i": [
                    [0, 0],
                    [0, 0],
                    [48, -30.133],
                    [32.954, 0],
                    [0, 0],
                    [25.447, 15.225],
                    [0, 61.848],
                    [0, 0]
                  ],
                  "o": [
                    [0, 0],
                    [0, 60.546],
                    [-26.126, 16.401],
                    [0, 0],
                    [-31.652, 0],
                    [-49.724, -29.75],
                    [0, 0],
                    [0, 0]
                  ],
                  "v": [
                    [301.777, 0],
                    [301.777, 196],
                    [221.699, 340.096],
                    [131.777, 366],
                    [-131.777, 366],
                    [-218.579, 342.008],
                    [-301.777, 196],
                    [-301.777, 0]
                  ],
                  "c": false
                },
                "ix": 2
              },
              "nm": "Path 1",
              "mn": "ADBE Vector Shape - Group",
              "hd": false
            },
            {
              "ty": "st",
              "c": {
                "a": 0,
                "k": [0, 0, 0, 1],
                "ix": 3
              },
              "o": {
                "a": 0,
                "k": 100,
                "ix": 4
              },
              "w": {
                "a": 0,
                "k": 50,
                "ix": 5
              },
              "lc": 2,
              "lj": 2,
              "nm": "Stroke 1",
              "mn": "ADBE Vector Graphic - Stroke",
              "hd": false
            },
            {
              "ty": "tr",
              "p": {
                "a": 0,
                "k": [0, 0],
                "ix": 2
              },
              "a": {
                "a": 0,
                "k": [0, 0],
                "ix": 1
              },
              "s": {
                "a": 0,
                "k": [100, 100],
                "ix": 3
              },
              "r": {
                "a": 0,
                "k": 0,
                "ix": 6
              },
              "o": {
                "a": 0,
                "k": 100,
                "ix": 7
              },
              "sk": {
                "a": 0,
                "k": 0,
                "ix": 4
              },
              "sa": {
                "a": 0,
                "k": 0,
                "ix": 5
              },
              "nm": "Transform"
            }
          ],
          "nm": "Group 1",
          "np": 2,
          "cix": 2,
          "ix": 1,
          "mn": "ADBE Vector Group",
          "hd": false
        },
        {
          "ty": "tm",
          "s": {
            "a": 1,
            "k": [
              {
                "i": {
                  "x": [0.833],
                  "y": [1]
                },
                "o": {
                  "x": [0.473],
                  "y": [-0.005]
                },
                "n": ["0p833_1_0p473_-0p005"],
                "t": 8,
                "s": [0],
                "e": [10]
              },
              {
                "i": {
                  "x": [0.411],
                  "y": [0.948]
                },
                "o": {
                  "x": [0.167],
                  "y": [0]
                },
                "n": ["0p411_0p948_0p167_0"],
                "t": 19,
                "s": [10],
                "e": [0]
              },
              {
                "t": 40
              }
            ],
            "ix": 1
          },
          "e": {
            "a": 1,
            "k": [
              {
                "i": {
                  "x": [0.833],
                  "y": [1]
                },
                "o": {
                  "x": [0.473],
                  "y": [0.005]
                },
                "n": ["0p833_1_0p473_0p005"],
                "t": 8,
                "s": [100],
                "e": [90]
              },
              {
                "i": {
                  "x": [0.411],
                  "y": [1.052]
                },
                "o": {
                  "x": [0.167],
                  "y": [0]
                },
                "n": ["0p411_1p052_0p167_0"],
                "t": 19,
                "s": [90],
                "e": [100]
              },
              {
                "t": 40
              }
            ],
            "ix": 2
          },
          "o": {
            "a": 0,
            "k": 0,
            "ix": 3
          },
          "m": 1,
          "ix": 2,
          "nm": "Trim Paths 1",
          "mn": "ADBE Vector Filter - Trim",
          "hd": false
        }
      ],
      "ip": 0,
      "op": 84,
      "st": 0,
      "bm": 0
    }
  ],
  "markers": []
}
