{
  "v": "5.3.4",
  "fr": 60,
  "ip": 0,
  "op": 89,
  "w": 654,
  "h": 634,
  "nm": "F2",
  "ddd": 0,
  "assets": [
    {
      "id": "comp_0",
      "layers": [
        {
          "ddd": 0,
          "ind": 1,
          "ty": 4,
          "nm": "Слой 5",
          "sr": 1,
          "ks": {
            "o": {
              "a": 0,
              "k": 100,
              "ix": 11
            },
            "r": {
              "a": 0,
              "k": 0,
              "ix": 10
            },
            "p": {
              "a": 0,
              "k": [500, 500, 0],
              "ix": 2
            },
            "a": {
              "a": 0,
              "k": [0, 0, 0],
              "ix": 1
            },
            "s": {
              "a": 0,
              "k": [100, 100, 100],
              "ix": 6
            }
          },
          "ao": 0,
          "shapes": [
            {
              "ty": "gr",
              "it": [
                {
                  "ind": 0,
                  "ty": "sh",
                  "ix": 1,
                  "ks": {
                    "a": 1,
                    "k": [
                      {
                        "i": {
                          "x": 0.254,
                          "y": 0.998
                        },
                        "o": {
                          "x": 0.333,
                          "y": 0
                        },
                        "n": "0p254_0p998_0p333_0",
                        "t": 3,
                        "s": [
                          {
                            "i": [
                              [0, 0],
                              [0, 0],
                              [0, 0],
                              [0, 0],
                              [-37.267, 0],
                              [0, 0],
                              [0, 0],
                              [32.823, 0],
                              [0, -75.188],
                              [0, 0],
                              [0, 0],
                              [0, 0],
                              [0, 0],
                              [0, 0],
                              [-15.948, 0],
                              [-15.275, 2.397],
                              [0, 0]
                            ],
                            "o": [
                              [0, 0],
                              [0, 0],
                              [0, 0],
                              [0, -23.725],
                              [0, 0],
                              [0, 0],
                              [0, 0],
                              [-68.527, 0],
                              [0, 0],
                              [0, 0],
                              [0, 0],
                              [0, 0],
                              [0, 0],
                              [15.275, 2.397],
                              [15.948, 0],
                              [0, 0],
                              [0, 0]
                            ],
                            "v": [
                              [116.777, 88.541],
                              [130.078, 1.822],
                              [46.875, 1.822],
                              [46.875, -54.454],
                              [95.764, -101.303],
                              [133.594, -101.303],
                              [133.594, -175.131],
                              [66.439, -180.99],
                              [-46.875, -64.271],
                              [-46.875, 1.822],
                              [-123.047, 1.822],
                              [-123.047, 88.541],
                              [-46.875, 88.541],
                              [-46.875, 296.346],
                              [0, 300],
                              [46.875, 296.346],
                              [46.875, 88.541]
                            ],
                            "c": true
                          }
                        ],
                        "e": [
                          {
                            "i": [
                              [0, 0],
                              [0, 0],
                              [0, 0],
                              [0, 0],
                              [-21.671, 0],
                              [0, 0],
                              [0, 0],
                              [19.087, 0],
                              [0, -43.723],
                              [0, 0],
                              [0, 0],
                              [0, 0],
                              [0, 0],
                              [0, 0],
                              [-9.274, 0],
                              [-8.882, 1.394],
                              [0, 0]
                            ],
                            "o": [
                              [0, 0],
                              [0, 0],
                              [0, 0],
                              [0, -13.796],
                              [0, 0],
                              [0, 0],
                              [0, 0],
                              [-39.85, 0],
                              [0, 0],
                              [0, 0],
                              [0, 0],
                              [0, 0],
                              [0, 0],
                              [8.882, 1.394],
                              [9.274, 0],
                              [0, 0],
                              [0, 0]
                            ],
                            "v": [
                              [69.173, 147.374],
                              [76.908, 96.945],
                              [28.523, 96.945],
                              [28.523, 64.219],
                              [56.953, 36.976],
                              [78.952, 36.976],
                              [78.952, -5.957],
                              [39.9, -9.364],
                              [-25.994, 58.51],
                              [-25.994, 96.945],
                              [-70.29, 96.945],
                              [-70.29, 147.374],
                              [-25.994, 147.374],
                              [-25.994, 268.216],
                              [1.265, 270.341],
                              [28.523, 268.216],
                              [28.523, 147.374]
                            ],
                            "c": true
                          }
                        ]
                      },
                      {
                        "i": {
                          "x": 0.323,
                          "y": 0.998
                        },
                        "o": {
                          "x": 0.333,
                          "y": 0
                        },
                        "n": "0p323_0p998_0p333_0",
                        "t": 18,
                        "s": [
                          {
                            "i": [
                              [0, 0],
                              [0, 0],
                              [0, 0],
                              [0, 0],
                              [-21.671, 0],
                              [0, 0],
                              [0, 0],
                              [19.087, 0],
                              [0, -43.723],
                              [0, 0],
                              [0, 0],
                              [0, 0],
                              [0, 0],
                              [0, 0],
                              [-9.274, 0],
                              [-8.882, 1.394],
                              [0, 0]
                            ],
                            "o": [
                              [0, 0],
                              [0, 0],
                              [0, 0],
                              [0, -13.796],
                              [0, 0],
                              [0, 0],
                              [0, 0],
                              [-39.85, 0],
                              [0, 0],
                              [0, 0],
                              [0, 0],
                              [0, 0],
                              [0, 0],
                              [8.882, 1.394],
                              [9.274, 0],
                              [0, 0],
                              [0, 0]
                            ],
                            "v": [
                              [69.173, 147.374],
                              [76.908, 96.945],
                              [28.523, 96.945],
                              [28.523, 64.219],
                              [56.953, 36.976],
                              [78.952, 36.976],
                              [78.952, -5.957],
                              [39.9, -9.364],
                              [-25.994, 58.51],
                              [-25.994, 96.945],
                              [-70.29, 96.945],
                              [-70.29, 147.374],
                              [-25.994, 147.374],
                              [-25.994, 268.216],
                              [1.265, 270.341],
                              [28.523, 268.216],
                              [28.523, 147.374]
                            ],
                            "c": true
                          }
                        ],
                        "e": [
                          {
                            "i": [
                              [0, 0],
                              [0, 0],
                              [0, 0],
                              [0, 0],
                              [-33.166, 0],
                              [0, 0],
                              [0, 0],
                              [29.211, 0],
                              [0, -66.914],
                              [0, 0],
                              [0, 0],
                              [0, 0],
                              [0, 0],
                              [0, 0],
                              [-14.193, 0],
                              [-13.594, 2.133],
                              [0, 0]
                            ],
                            "o": [
                              [0, 0],
                              [0, 0],
                              [0, 0],
                              [0, -21.114],
                              [0, 0],
                              [0, 0],
                              [0, 0],
                              [-60.986, 0],
                              [0, 0],
                              [0, 0],
                              [0, 0],
                              [0, 0],
                              [0, 0],
                              [13.594, 2.133],
                              [14.193, 0],
                              [0, 0],
                              [0, 0]
                            ],
                            "v": [
                              [103.566, 73.814],
                              [115.403, -3.363],
                              [41.355, -3.363],
                              [41.355, -53.447],
                              [84.865, -95.141],
                              [118.532, -95.141],
                              [118.532, -160.845],
                              [58.767, -166.06],
                              [-42.079, -62.184],
                              [-42.079, -3.363],
                              [-109.87, -3.363],
                              [-109.87, 73.814],
                              [-42.079, 73.814],
                              [-42.079, 258.754],
                              [-0.362, 262.006],
                              [41.355, 258.754],
                              [41.355, 73.814]
                            ],
                            "c": true
                          }
                        ]
                      },
                      {
                        "i": {
                          "x": 0.398,
                          "y": 0.998
                        },
                        "o": {
                          "x": 0.333,
                          "y": 0
                        },
                        "n": "0p398_0p998_0p333_0",
                        "t": 36,
                        "s": [
                          {
                            "i": [
                              [0, 0],
                              [0, 0],
                              [0, 0],
                              [0, 0],
                              [-33.166, 0],
                              [0, 0],
                              [0, 0],
                              [29.211, 0],
                              [0, -66.914],
                              [0, 0],
                              [0, 0],
                              [0, 0],
                              [0, 0],
                              [0, 0],
                              [-14.193, 0],
                              [-13.594, 2.133],
                              [0, 0]
                            ],
                            "o": [
                              [0, 0],
                              [0, 0],
                              [0, 0],
                              [0, -21.114],
                              [0, 0],
                              [0, 0],
                              [0, 0],
                              [-60.986, 0],
                              [0, 0],
                              [0, 0],
                              [0, 0],
                              [0, 0],
                              [0, 0],
                              [13.594, 2.133],
                              [14.193, 0],
                              [0, 0],
                              [0, 0]
                            ],
                            "v": [
                              [103.566, 73.814],
                              [115.403, -3.363],
                              [41.355, -3.363],
                              [41.355, -53.447],
                              [84.865, -95.141],
                              [118.532, -95.141],
                              [118.532, -160.845],
                              [58.767, -166.06],
                              [-42.079, -62.184],
                              [-42.079, -3.363],
                              [-109.87, -3.363],
                              [-109.87, 73.814],
                              [-42.079, 73.814],
                              [-42.079, 258.754],
                              [-0.362, 262.006],
                              [41.355, 258.754],
                              [41.355, 73.814]
                            ],
                            "c": true
                          }
                        ],
                        "e": [
                          {
                            "i": [
                              [0, 0],
                              [0, 0],
                              [0, 0],
                              [0, 0],
                              [-30.303, 0],
                              [0, 0],
                              [0, 0],
                              [26.689, 0],
                              [0, -61.137],
                              [0, 0],
                              [0, 0],
                              [0, 0],
                              [0, 0],
                              [0, 0],
                              [-12.967, 0],
                              [-12.42, 1.949],
                              [0, 0]
                            ],
                            "o": [
                              [0, 0],
                              [0, 0],
                              [0, 0],
                              [0, -19.291],
                              [0, 0],
                              [0, 0],
                              [0, 0],
                              [-55.721, 0],
                              [0, 0],
                              [0, 0],
                              [0, 0],
                              [0, 0],
                              [0, 0],
                              [12.42, 1.949],
                              [12.967, 0],
                              [0, 0],
                              [0, 0]
                            ],
                            "v": [
                              [95.94, 109.041],
                              [106.756, 38.528],
                              [39.101, 38.528],
                              [39.101, -7.232],
                              [78.854, -45.326],
                              [109.614, -45.326],
                              [109.614, -105.358],
                              [55.009, -110.122],
                              [-37.13, -15.215],
                              [-37.13, 38.528],
                              [-99.067, 38.528],
                              [-99.067, 109.041],
                              [-37.13, 109.041],
                              [-37.13, 278.014],
                              [0.985, 280.984],
                              [39.101, 278.014],
                              [39.101, 109.041]
                            ],
                            "c": true
                          }
                        ]
                      },
                      {
                        "i": {
                          "x": 0.357,
                          "y": 0.998
                        },
                        "o": {
                          "x": 0.333,
                          "y": 0
                        },
                        "n": "0p357_0p998_0p333_0",
                        "t": 62,
                        "s": [
                          {
                            "i": [
                              [0, 0],
                              [0, 0],
                              [0, 0],
                              [0, 0],
                              [-30.303, 0],
                              [0, 0],
                              [0, 0],
                              [26.689, 0],
                              [0, -61.137],
                              [0, 0],
                              [0, 0],
                              [0, 0],
                              [0, 0],
                              [0, 0],
                              [-12.967, 0],
                              [-12.42, 1.949],
                              [0, 0]
                            ],
                            "o": [
                              [0, 0],
                              [0, 0],
                              [0, 0],
                              [0, -19.291],
                              [0, 0],
                              [0, 0],
                              [0, 0],
                              [-55.721, 0],
                              [0, 0],
                              [0, 0],
                              [0, 0],
                              [0, 0],
                              [0, 0],
                              [12.42, 1.949],
                              [12.967, 0],
                              [0, 0],
                              [0, 0]
                            ],
                            "v": [
                              [95.94, 109.041],
                              [106.756, 38.528],
                              [39.101, 38.528],
                              [39.101, -7.232],
                              [78.854, -45.326],
                              [109.614, -45.326],
                              [109.614, -105.358],
                              [55.009, -110.122],
                              [-37.13, -15.215],
                              [-37.13, 38.528],
                              [-99.067, 38.528],
                              [-99.067, 109.041],
                              [-37.13, 109.041],
                              [-37.13, 278.014],
                              [0.985, 280.984],
                              [39.101, 278.014],
                              [39.101, 109.041]
                            ],
                            "c": true
                          }
                        ],
                        "e": [
                          {
                            "i": [
                              [0, 0],
                              [0, 0],
                              [0, 0],
                              [0, 0],
                              [-37.267, 0],
                              [0, 0],
                              [0, 0],
                              [32.823, 0],
                              [0, -75.188],
                              [0, 0],
                              [0, 0],
                              [0, 0],
                              [0, 0],
                              [0, 0],
                              [-15.948, 0],
                              [-15.275, 2.397],
                              [0, 0]
                            ],
                            "o": [
                              [0, 0],
                              [0, 0],
                              [0, 0],
                              [0, -23.725],
                              [0, 0],
                              [0, 0],
                              [0, 0],
                              [-68.527, 0],
                              [0, 0],
                              [0, 0],
                              [0, 0],
                              [0, 0],
                              [0, 0],
                              [15.275, 2.397],
                              [15.948, 0],
                              [0, 0],
                              [0, 0]
                            ],
                            "v": [
                              [116.777, 88.541],
                              [130.078, 1.822],
                              [46.875, 1.822],
                              [46.875, -54.454],
                              [95.764, -101.303],
                              [133.594, -101.303],
                              [133.594, -175.131],
                              [66.439, -180.99],
                              [-46.875, -64.271],
                              [-46.875, 1.822],
                              [-123.047, 1.822],
                              [-123.047, 88.541],
                              [-46.875, 88.541],
                              [-46.875, 296.346],
                              [0, 300],
                              [46.875, 296.346],
                              [46.875, 88.541]
                            ],
                            "c": true
                          }
                        ]
                      },
                      {
                        "t": 88
                      }
                    ],
                    "ix": 2
                  },
                  "nm": "Path 1",
                  "mn": "ADBE Vector Shape - Group",
                  "hd": false
                },
                {
                  "ty": "st",
                  "c": {
                    "a": 0,
                    "k": [1, 1, 1, 1],
                    "ix": 3
                  },
                  "o": {
                    "a": 0,
                    "k": 100,
                    "ix": 4
                  },
                  "w": {
                    "a": 0,
                    "k": 1,
                    "ix": 5
                  },
                  "lc": 1,
                  "lj": 1,
                  "ml": 10,
                  "ml2": {
                    "a": 0,
                    "k": 10,
                    "ix": 8
                  },
                  "nm": "Stroke 1",
                  "mn": "ADBE Vector Graphic - Stroke",
                  "hd": false
                },
                {
                  "ty": "fl",
                  "c": {
                    "a": 0,
                    "k": [1, 1, 1, 1],
                    "ix": 4
                  },
                  "o": {
                    "a": 0,
                    "k": 100,
                    "ix": 5
                  },
                  "r": 1,
                  "nm": "Fill 1",
                  "mn": "ADBE Vector Graphic - Fill",
                  "hd": false
                },
                {
                  "ty": "tr",
                  "p": {
                    "a": 0,
                    "k": [0, 0],
                    "ix": 2
                  },
                  "a": {
                    "a": 0,
                    "k": [0, 0],
                    "ix": 1
                  },
                  "s": {
                    "a": 0,
                    "k": [100, 100],
                    "ix": 3
                  },
                  "r": {
                    "a": 0,
                    "k": 0,
                    "ix": 6
                  },
                  "o": {
                    "a": 0,
                    "k": 100,
                    "ix": 7
                  },
                  "sk": {
                    "a": 0,
                    "k": 0,
                    "ix": 4
                  },
                  "sa": {
                    "a": 0,
                    "k": 0,
                    "ix": 5
                  },
                  "nm": "Transform"
                }
              ],
              "nm": "Group 1",
              "np": 3,
              "cix": 2,
              "ix": 1,
              "mn": "ADBE Vector Group",
              "hd": false
            }
          ],
          "ip": 0,
          "op": 100,
          "st": 0,
          "bm": 0
        }
      ]
    }
  ],
  "layers": [
    {
      "ddd": 0,
      "ind": 1,
      "ty": 0,
      "nm": "f2 pre",
      "parent": 2,
      "td": 1,
      "refId": "comp_0",
      "sr": 1,
      "ks": {
        "o": {
          "a": 0,
          "k": 100,
          "ix": 11
        },
        "r": {
          "a": 0,
          "k": 0,
          "ix": 10
        },
        "p": {
          "a": 0,
          "k": [0, 0, 0],
          "ix": 2
        },
        "a": {
          "a": 0,
          "k": [500, 500, 0],
          "ix": 1
        },
        "s": {
          "a": 0,
          "k": [100, 100, 100],
          "ix": 6
        }
      },
      "ao": 0,
      "w": 1000,
      "h": 1000,
      "ip": 0,
      "op": 89,
      "st": 0,
      "bm": 0
    },
    {
      "ddd": 0,
      "ind": 2,
      "ty": 4,
      "nm": "Слой 6",
      "tt": 2,
      "sr": 1,
      "ks": {
        "o": {
          "a": 0,
          "k": 100,
          "ix": 11
        },
        "r": {
          "a": 1,
          "k": [
            {
              "i": {
                "x": [0.367],
                "y": [0.987]
              },
              "o": {
                "x": [0.333],
                "y": [0]
              },
              "n": ["0p367_0p987_0p333_0"],
              "t": 0,
              "s": [0],
              "e": [-6]
            },
            {
              "i": {
                "x": [0.417],
                "y": [1.009]
              },
              "o": {
                "x": [0.333],
                "y": [0]
              },
              "n": ["0p417_1p009_0p333_0"],
              "t": 15,
              "s": [-6],
              "e": [3]
            },
            {
              "i": {
                "x": [0.494],
                "y": [0.974]
              },
              "o": {
                "x": [0.333],
                "y": [0]
              },
              "n": ["0p494_0p974_0p333_0"],
              "t": 33,
              "s": [3],
              "e": [-1]
            },
            {
              "i": {
                "x": [0.494],
                "y": [1.104]
              },
              "o": {
                "x": [0.333],
                "y": [0]
              },
              "n": ["0p494_1p104_0p333_0"],
              "t": 59,
              "s": [-1],
              "e": [0]
            },
            {
              "t": 85
            }
          ],
          "ix": 10
        },
        "p": {
          "a": 0,
          "k": [311, 626, 0],
          "ix": 2
        },
        "a": {
          "a": 0,
          "k": [0, 300, 0],
          "ix": 1
        },
        "s": {
          "a": 0,
          "k": [100, 100, 100],
          "ix": 6
        }
      },
      "ao": 0,
      "shapes": [
        {
          "ty": "gr",
          "it": [
            {
              "ind": 0,
              "ty": "sh",
              "ix": 1,
              "ks": {
                "a": 1,
                "k": [
                  {
                    "i": {
                      "x": 0.292,
                      "y": 1
                    },
                    "o": {
                      "x": 0.333,
                      "y": 0
                    },
                    "n": "0p292_1_0p333_0",
                    "t": 3,
                    "s": [
                      {
                        "i": [
                          [0, -165.685],
                          [165.685, 0],
                          [0, 165.685],
                          [-165.685, 0]
                        ],
                        "o": [
                          [0, 165.685],
                          [-165.685, 0],
                          [0, -165.685],
                          [165.685, 0]
                        ],
                        "v": [
                          [300, 0],
                          [0, 300],
                          [-300, 0],
                          [0, -300]
                        ],
                        "c": true
                      }
                    ],
                    "e": [
                      {
                        "i": [
                          [0, -118.286],
                          [150.221, 0],
                          [0, 118.286],
                          [-150.221, 0]
                        ],
                        "o": [
                          [0, 118.286],
                          [-150.221, 0],
                          [0, -118.286],
                          [150.221, 0]
                        ],
                        "v": [
                          [272, 57.825],
                          [0, 272],
                          [-272, 57.825],
                          [0, -156.35]
                        ],
                        "c": true
                      }
                    ]
                  },
                  {
                    "i": {
                      "x": 0.456,
                      "y": 1
                    },
                    "o": {
                      "x": 0.333,
                      "y": 0
                    },
                    "n": "0p456_1_0p333_0",
                    "t": 18,
                    "s": [
                      {
                        "i": [
                          [0, -118.286],
                          [150.221, 0],
                          [0, 118.286],
                          [-150.221, 0]
                        ],
                        "o": [
                          [0, 118.286],
                          [-150.221, 0],
                          [0, -118.286],
                          [150.221, 0]
                        ],
                        "v": [
                          [272, 57.825],
                          [0, 272],
                          [-272, 57.825],
                          [0, -156.35]
                        ],
                        "c": true
                      }
                    ],
                    "e": [
                      {
                        "i": [
                          [0, -161.78],
                          [178.308, 0],
                          [0, 161.78],
                          [-178.308, 0]
                        ],
                        "o": [
                          [0, 161.78],
                          [-178.308, 0],
                          [0, -161.78],
                          [178.308, 0]
                        ],
                        "v": [
                          [322.854, -29.926],
                          [0, 263.003],
                          [-322.854, -29.926],
                          [0, -322.854]
                        ],
                        "c": true
                      }
                    ]
                  },
                  {
                    "i": {
                      "x": 0.52,
                      "y": 1
                    },
                    "o": {
                      "x": 0.333,
                      "y": 0
                    },
                    "n": "0p52_1_0p333_0",
                    "t": 36,
                    "s": [
                      {
                        "i": [
                          [0, -161.78],
                          [178.308, 0],
                          [0, 161.78],
                          [-178.308, 0]
                        ],
                        "o": [
                          [0, 161.78],
                          [-178.308, 0],
                          [0, -161.78],
                          [178.308, 0]
                        ],
                        "v": [
                          [322.854, -29.926],
                          [0, 263.003],
                          [-322.854, -29.926],
                          [0, -322.854]
                        ],
                        "c": true
                      }
                    ],
                    "e": [
                      {
                        "i": [
                          [0, -155.744],
                          [155.744, 0],
                          [0, 155.744],
                          [-155.744, 0]
                        ],
                        "o": [
                          [0, 155.744],
                          [-155.744, 0],
                          [0, -155.744],
                          [155.744, 0]
                        ],
                        "v": [
                          [282, 0],
                          [0, 282],
                          [-282, 0],
                          [0, -282]
                        ],
                        "c": true
                      }
                    ]
                  },
                  {
                    "i": {
                      "x": 0.498,
                      "y": 1
                    },
                    "o": {
                      "x": 0.333,
                      "y": 0
                    },
                    "n": "0p498_1_0p333_0",
                    "t": 62,
                    "s": [
                      {
                        "i": [
                          [0, -155.744],
                          [155.744, 0],
                          [0, 155.744],
                          [-155.744, 0]
                        ],
                        "o": [
                          [0, 155.744],
                          [-155.744, 0],
                          [0, -155.744],
                          [155.744, 0]
                        ],
                        "v": [
                          [282, 0],
                          [0, 282],
                          [-282, 0],
                          [0, -282]
                        ],
                        "c": true
                      }
                    ],
                    "e": [
                      {
                        "i": [
                          [0, -165.685],
                          [165.685, 0],
                          [0, 165.685],
                          [-165.685, 0]
                        ],
                        "o": [
                          [0, 165.685],
                          [-165.685, 0],
                          [0, -165.685],
                          [165.685, 0]
                        ],
                        "v": [
                          [300, 0],
                          [0, 300],
                          [-300, 0],
                          [0, -300]
                        ],
                        "c": true
                      }
                    ]
                  },
                  {
                    "t": 88
                  }
                ],
                "ix": 2
              },
              "nm": "Path 1",
              "mn": "ADBE Vector Shape - Group",
              "hd": false
            },
            {
              "ty": "fl",
              "c": {
                "a": 0,
                "k": [1, 1, 1, 1],
                "ix": 4
              },
              "o": {
                "a": 0,
                "k": 100,
                "ix": 5
              },
              "r": 1,
              "nm": "Fill 1",
              "mn": "ADBE Vector Graphic - Fill",
              "hd": false
            },
            {
              "ty": "tr",
              "p": {
                "a": 0,
                "k": [0, 0],
                "ix": 2
              },
              "a": {
                "a": 0,
                "k": [0, 0],
                "ix": 1
              },
              "s": {
                "a": 0,
                "k": [100, 100],
                "ix": 3
              },
              "r": {
                "a": 0,
                "k": 0,
                "ix": 6
              },
              "o": {
                "a": 0,
                "k": 100,
                "ix": 7
              },
              "sk": {
                "a": 0,
                "k": 0,
                "ix": 4
              },
              "sa": {
                "a": 0,
                "k": 0,
                "ix": 5
              },
              "nm": "Transform"
            }
          ],
          "nm": "Group 1",
          "np": 2,
          "cix": 2,
          "ix": 1,
          "mn": "ADBE Vector Group",
          "hd": false
        }
      ],
      "ip": 0,
      "op": 89,
      "st": 0,
      "bm": 0
    }
  ],
  "markers": []
}
