{
  "v": "5.3.4",
  "fr": 48,
  "ip": 0,
  "op": 156,
  "w": 710,
  "h": 710,
  "nm": "Menu6",
  "ddd": 0,
  "assets": [],
  "layers": [
    {
      "ddd": 0,
      "ind": 1,
      "ty": 4,
      "nm": "Слой 28",
      "sr": 1,
      "ks": {
        "o": {
          "a": 0,
          "k": 100,
          "ix": 11
        },
        "r": {
          "a": 1,
          "k": [
            {
              "i": {
                "x": [0.833],
                "y": [0.833]
              },
              "o": {
                "x": [0.724],
                "y": [-0.037]
              },
              "n": ["0p833_0p833_0p724_-0p037"],
              "t": 96,
              "s": [0],
              "e": [45]
            },
            {
              "t": 116
            }
          ],
          "ix": 10
        },
        "p": {
          "a": 0,
          "k": [332.328, 355, 0],
          "ix": 2
        },
        "a": {
          "a": 0,
          "k": [0, 0, 0],
          "ix": 1
        },
        "s": {
          "a": 0,
          "k": [100, 100, 100],
          "ix": 6
        }
      },
      "ao": 0,
      "shapes": [
        {
          "ty": "gr",
          "it": [
            {
              "ind": 0,
              "ty": "sh",
              "ix": 1,
              "ks": {
                "a": 1,
                "k": [
                  {
                    "i": {
                      "x": 0.667,
                      "y": 1
                    },
                    "o": {
                      "x": 0.167,
                      "y": 0
                    },
                    "n": "0p667_1_0p167_0",
                    "t": 96,
                    "s": [
                      {
                        "i": [
                          [32, -32],
                          [0, 0]
                        ],
                        "o": [
                          [0, 0],
                          [0, 0]
                        ],
                        "v": [
                          [231, -209],
                          [-187, 209]
                        ],
                        "c": false
                      }
                    ],
                    "e": [
                      {
                        "i": [
                          [32, -32],
                          [0, 0]
                        ],
                        "o": [
                          [0, 0],
                          [0, 0]
                        ],
                        "v": [
                          [209, -209],
                          [-209, 209]
                        ],
                        "c": false
                      }
                    ]
                  },
                  {
                    "i": {
                      "x": 0.833,
                      "y": 0.833
                    },
                    "o": {
                      "x": 0.658,
                      "y": 0
                    },
                    "n": "0p833_0p833_0p658_0",
                    "t": 116,
                    "s": [
                      {
                        "i": [
                          [32, -32],
                          [0, 0]
                        ],
                        "o": [
                          [0, 0],
                          [0, 0]
                        ],
                        "v": [
                          [209, -209],
                          [-209, 209]
                        ],
                        "c": false
                      }
                    ],
                    "e": [
                      {
                        "i": [
                          [-0.063, 0.063],
                          [0, 0]
                        ],
                        "o": [
                          [0, 0],
                          [0, 0]
                        ],
                        "v": [
                          [15.619, -15.619],
                          [16.444, -16.444]
                        ],
                        "c": false
                      }
                    ]
                  },
                  {
                    "t": 125
                  }
                ],
                "ix": 2
              },
              "nm": "Path 1",
              "mn": "ADBE Vector Shape - Group",
              "hd": false
            },
            {
              "ty": "st",
              "c": {
                "a": 0,
                "k": [1, 1, 1, 1],
                "ix": 3
              },
              "o": {
                "a": 0,
                "k": 100,
                "ix": 4
              },
              "w": {
                "a": 0,
                "k": 80,
                "ix": 5
              },
              "lc": 2,
              "lj": 1,
              "ml": 10,
              "ml2": {
                "a": 0,
                "k": 10,
                "ix": 8
              },
              "nm": "Stroke 1",
              "mn": "ADBE Vector Graphic - Stroke",
              "hd": false
            },
            {
              "ty": "tr",
              "p": {
                "a": 0,
                "k": [0, 0],
                "ix": 2
              },
              "a": {
                "a": 0,
                "k": [0, 0],
                "ix": 1
              },
              "s": {
                "a": 0,
                "k": [100, 100],
                "ix": 3
              },
              "r": {
                "a": 0,
                "k": 0,
                "ix": 6
              },
              "o": {
                "a": 0,
                "k": 100,
                "ix": 7
              },
              "sk": {
                "a": 0,
                "k": 0,
                "ix": 4
              },
              "sa": {
                "a": 0,
                "k": 0,
                "ix": 5
              },
              "nm": "Transform"
            }
          ],
          "nm": "Group 1",
          "np": 2,
          "cix": 2,
          "ix": 1,
          "mn": "ADBE Vector Group",
          "hd": false
        }
      ],
      "ip": 96,
      "op": 125,
      "st": 0,
      "bm": 0
    },
    {
      "ddd": 0,
      "ind": 2,
      "ty": 4,
      "nm": "Слой 26",
      "sr": 1,
      "ks": {
        "o": {
          "a": 0,
          "k": 100,
          "ix": 11
        },
        "r": {
          "a": 1,
          "k": [
            {
              "i": {
                "x": [0.833],
                "y": [0.833]
              },
              "o": {
                "x": [0.724],
                "y": [0.037]
              },
              "n": ["0p833_0p833_0p724_0p037"],
              "t": 96,
              "s": [0],
              "e": [-45]
            },
            {
              "t": 116
            }
          ],
          "ix": 10
        },
        "p": {
          "a": 0,
          "k": [355, 355, 0],
          "ix": 2
        },
        "a": {
          "a": 0,
          "k": [0, 0, 0],
          "ix": 1
        },
        "s": {
          "a": 0,
          "k": [100, 100, 100],
          "ix": 6
        }
      },
      "ao": 0,
      "shapes": [
        {
          "ty": "gr",
          "it": [
            {
              "ind": 0,
              "ty": "sh",
              "ix": 1,
              "ks": {
                "a": 1,
                "k": [
                  {
                    "i": {
                      "x": 0.249,
                      "y": 1
                    },
                    "o": {
                      "x": 0.333,
                      "y": 0
                    },
                    "n": "0p249_1_0p333_0",
                    "t": 37,
                    "s": [
                      {
                        "i": [
                          [0, 0],
                          [0, 0]
                        ],
                        "o": [
                          [0, 0],
                          [0, 0]
                        ],
                        "v": [
                          [0, 0],
                          [0, 0]
                        ],
                        "c": false
                      }
                    ],
                    "e": [
                      {
                        "i": [
                          [0, 0],
                          [0, 0]
                        ],
                        "o": [
                          [0, 0],
                          [0, 0]
                        ],
                        "v": [
                          [-209, -209],
                          [209, 209]
                        ],
                        "c": false
                      }
                    ]
                  },
                  {
                    "i": {
                      "x": 0.667,
                      "y": 1
                    },
                    "o": {
                      "x": 0.167,
                      "y": 0
                    },
                    "n": "0p667_1_0p167_0",
                    "t": 53,
                    "s": [
                      {
                        "i": [
                          [0, 0],
                          [0, 0]
                        ],
                        "o": [
                          [0, 0],
                          [0, 0]
                        ],
                        "v": [
                          [-209, -209],
                          [209, 209]
                        ],
                        "c": false
                      }
                    ],
                    "e": [
                      {
                        "i": [
                          [0, 0],
                          [0, 0]
                        ],
                        "o": [
                          [0, 0],
                          [0, 0]
                        ],
                        "v": [
                          [-209, -209],
                          [209, 209]
                        ],
                        "c": false
                      }
                    ]
                  },
                  {
                    "i": {
                      "x": 0.833,
                      "y": 0.833
                    },
                    "o": {
                      "x": 0.658,
                      "y": 0
                    },
                    "n": "0p833_0p833_0p658_0",
                    "t": 116,
                    "s": [
                      {
                        "i": [
                          [0, 0],
                          [0, 0]
                        ],
                        "o": [
                          [0, 0],
                          [0, 0]
                        ],
                        "v": [
                          [-209, -209],
                          [209, 209]
                        ],
                        "c": false
                      }
                    ],
                    "e": [
                      {
                        "i": [
                          [0, 0],
                          [0, 0]
                        ],
                        "o": [
                          [0, 0],
                          [0, 0]
                        ],
                        "v": [
                          [11.515, 14.142],
                          [14.343, 16.971]
                        ],
                        "c": false
                      }
                    ]
                  },
                  {
                    "t": 125
                  }
                ],
                "ix": 2
              },
              "nm": "Path 1",
              "mn": "ADBE Vector Shape - Group",
              "hd": false
            },
            {
              "ty": "st",
              "c": {
                "a": 0,
                "k": [1, 1, 1, 1],
                "ix": 3
              },
              "o": {
                "a": 0,
                "k": 100,
                "ix": 4
              },
              "w": {
                "a": 0,
                "k": 80,
                "ix": 5
              },
              "lc": 2,
              "lj": 1,
              "ml": 10,
              "ml2": {
                "a": 0,
                "k": 10,
                "ix": 8
              },
              "nm": "Stroke 1",
              "mn": "ADBE Vector Graphic - Stroke",
              "hd": false
            },
            {
              "ty": "tr",
              "p": {
                "a": 0,
                "k": [0, 0],
                "ix": 2
              },
              "a": {
                "a": 0,
                "k": [0, 0],
                "ix": 1
              },
              "s": {
                "a": 0,
                "k": [100, 100],
                "ix": 3
              },
              "r": {
                "a": 0,
                "k": 0,
                "ix": 6
              },
              "o": {
                "a": 0,
                "k": 100,
                "ix": 7
              },
              "sk": {
                "a": 0,
                "k": 0,
                "ix": 4
              },
              "sa": {
                "a": 0,
                "k": 0,
                "ix": 5
              },
              "nm": "Transform"
            }
          ],
          "nm": "Group 1",
          "np": 2,
          "cix": 2,
          "ix": 1,
          "mn": "ADBE Vector Group",
          "hd": false
        }
      ],
      "ip": 37,
      "op": 125,
      "st": 0,
      "bm": 0
    },
    {
      "ddd": 0,
      "ind": 3,
      "ty": 4,
      "nm": "Слой 30",
      "sr": 1,
      "ks": {
        "o": {
          "a": 0,
          "k": 100,
          "ix": 11
        },
        "r": {
          "a": 0,
          "k": 0,
          "ix": 10
        },
        "p": {
          "a": 0,
          "k": [355, 355, 0],
          "ix": 2
        },
        "a": {
          "a": 0,
          "k": [0, 0, 0],
          "ix": 1
        },
        "s": {
          "a": 0,
          "k": [100, 100, 100],
          "ix": 6
        }
      },
      "ao": 0,
      "shapes": [
        {
          "ty": "gr",
          "it": [
            {
              "ind": 0,
              "ty": "sh",
              "ix": 1,
              "ks": {
                "a": 0,
                "k": {
                  "i": [
                    [32, -32],
                    [0, 0]
                  ],
                  "o": [
                    [0, 0],
                    [0, 0]
                  ],
                  "v": [
                    [209, -209],
                    [0, 0]
                  ],
                  "c": false
                },
                "ix": 2
              },
              "nm": "Path 1",
              "mn": "ADBE Vector Shape - Group",
              "hd": false
            },
            {
              "ty": "st",
              "c": {
                "a": 0,
                "k": [1, 1, 1, 1],
                "ix": 3
              },
              "o": {
                "a": 0,
                "k": 100,
                "ix": 4
              },
              "w": {
                "a": 0,
                "k": 80,
                "ix": 5
              },
              "lc": 2,
              "lj": 1,
              "ml": 10,
              "ml2": {
                "a": 0,
                "k": 10,
                "ix": 8
              },
              "nm": "Stroke 1",
              "mn": "ADBE Vector Graphic - Stroke",
              "hd": false
            },
            {
              "ty": "tr",
              "p": {
                "a": 0,
                "k": [0, 0],
                "ix": 2
              },
              "a": {
                "a": 0,
                "k": [0, 0],
                "ix": 1
              },
              "s": {
                "a": 0,
                "k": [100, 100],
                "ix": 3
              },
              "r": {
                "a": 0,
                "k": 0,
                "ix": 6
              },
              "o": {
                "a": 0,
                "k": 100,
                "ix": 7
              },
              "sk": {
                "a": 0,
                "k": 0,
                "ix": 4
              },
              "sa": {
                "a": 0,
                "k": 0,
                "ix": 5
              },
              "nm": "Transform"
            }
          ],
          "nm": "Group 1",
          "np": 2,
          "cix": 2,
          "ix": 1,
          "mn": "ADBE Vector Group",
          "hd": false
        },
        {
          "ty": "tm",
          "s": {
            "a": 1,
            "k": [
              {
                "i": {
                  "x": [0.325],
                  "y": [1]
                },
                "o": {
                  "x": [0.167],
                  "y": [0]
                },
                "n": ["0p325_1_0p167_0"],
                "t": 40,
                "s": [0],
                "e": [0]
              },
              {
                "t": 60
              }
            ],
            "ix": 1
          },
          "e": {
            "a": 1,
            "k": [
              {
                "i": {
                  "x": [0.325],
                  "y": [1]
                },
                "o": {
                  "x": [0.167],
                  "y": [0.167]
                },
                "n": ["0p325_1_0p167_0p167"],
                "t": 40,
                "s": [0],
                "e": [100]
              },
              {
                "t": 60
              }
            ],
            "ix": 2
          },
          "o": {
            "a": 0,
            "k": 0,
            "ix": 3
          },
          "m": 1,
          "ix": 2,
          "nm": "Trim Paths 1",
          "mn": "ADBE Vector Filter - Trim",
          "hd": false
        }
      ],
      "ip": 0,
      "op": 96,
      "st": 0,
      "bm": 0
    },
    {
      "ddd": 0,
      "ind": 4,
      "ty": 4,
      "nm": "Слой 27",
      "sr": 1,
      "ks": {
        "o": {
          "a": 0,
          "k": 100,
          "ix": 11
        },
        "r": {
          "a": 0,
          "k": 0,
          "ix": 10
        },
        "p": {
          "a": 0,
          "k": [354, 356, 0],
          "ix": 2
        },
        "a": {
          "a": 0,
          "k": [0, 0, 0],
          "ix": 1
        },
        "s": {
          "a": 0,
          "k": [100, 100, 100],
          "ix": 6
        }
      },
      "ao": 0,
      "shapes": [
        {
          "ty": "gr",
          "it": [
            {
              "ind": 0,
              "ty": "sh",
              "ix": 1,
              "ks": {
                "a": 0,
                "k": {
                  "i": [
                    [0, 0],
                    [0, 0]
                  ],
                  "o": [
                    [0, 0],
                    [0, 0]
                  ],
                  "v": [
                    [-209, 209],
                    [1, -1]
                  ],
                  "c": false
                },
                "ix": 2
              },
              "nm": "Path 1",
              "mn": "ADBE Vector Shape - Group",
              "hd": false
            },
            {
              "ty": "st",
              "c": {
                "a": 0,
                "k": [1, 1, 1, 1],
                "ix": 3
              },
              "o": {
                "a": 0,
                "k": 100,
                "ix": 4
              },
              "w": {
                "a": 0,
                "k": 80,
                "ix": 5
              },
              "lc": 2,
              "lj": 1,
              "ml": 10,
              "ml2": {
                "a": 0,
                "k": 10,
                "ix": 8
              },
              "nm": "Stroke 1",
              "mn": "ADBE Vector Graphic - Stroke",
              "hd": false
            },
            {
              "ty": "tr",
              "p": {
                "a": 0,
                "k": [0, 0],
                "ix": 2
              },
              "a": {
                "a": 0,
                "k": [0, 0],
                "ix": 1
              },
              "s": {
                "a": 0,
                "k": [100, 100],
                "ix": 3
              },
              "r": {
                "a": 0,
                "k": 0,
                "ix": 6
              },
              "o": {
                "a": 0,
                "k": 100,
                "ix": 7
              },
              "sk": {
                "a": 0,
                "k": 0,
                "ix": 4
              },
              "sa": {
                "a": 0,
                "k": 0,
                "ix": 5
              },
              "nm": "Transform"
            }
          ],
          "nm": "Group 1",
          "np": 2,
          "cix": 2,
          "ix": 1,
          "mn": "ADBE Vector Group",
          "hd": false
        },
        {
          "ty": "tm",
          "s": {
            "a": 1,
            "k": [
              {
                "i": {
                  "x": [0.325],
                  "y": [1]
                },
                "o": {
                  "x": [0.167],
                  "y": [0]
                },
                "n": ["0p325_1_0p167_0"],
                "t": 40,
                "s": [0],
                "e": [0]
              },
              {
                "t": 60
              }
            ],
            "ix": 1
          },
          "e": {
            "a": 1,
            "k": [
              {
                "i": {
                  "x": [0.325],
                  "y": [1]
                },
                "o": {
                  "x": [0.167],
                  "y": [0.167]
                },
                "n": ["0p325_1_0p167_0p167"],
                "t": 40,
                "s": [0],
                "e": [100]
              },
              {
                "t": 60
              }
            ],
            "ix": 2
          },
          "o": {
            "a": 0,
            "k": 0,
            "ix": 3
          },
          "m": 1,
          "ix": 2,
          "nm": "Trim Paths 1",
          "mn": "ADBE Vector Filter - Trim",
          "hd": false
        }
      ],
      "ip": 0,
      "op": 96,
      "st": 0,
      "bm": 0
    },
    {
      "ddd": 0,
      "ind": 5,
      "ty": 4,
      "nm": "Слой 29",
      "sr": 1,
      "ks": {
        "o": {
          "a": 0,
          "k": 100,
          "ix": 11
        },
        "r": {
          "a": 0,
          "k": 0,
          "ix": 10
        },
        "p": {
          "a": 0,
          "k": [355, 355, 0],
          "ix": 2
        },
        "a": {
          "a": 0,
          "k": [0, 0, 0],
          "ix": 1
        },
        "s": {
          "a": 0,
          "k": [100, 100, 100],
          "ix": 6
        }
      },
      "ao": 0,
      "shapes": [
        {
          "ty": "gr",
          "it": [
            {
              "ind": 0,
              "ty": "sh",
              "ix": 1,
              "ks": {
                "a": 0,
                "k": {
                  "i": [
                    [0, -172.718],
                    [172.718, 0],
                    [0, 172.718],
                    [-172.718, 0]
                  ],
                  "o": [
                    [0, 172.718],
                    [-172.718, 0],
                    [0, -172.718],
                    [172.718, 0]
                  ],
                  "v": [
                    [312.734, 0],
                    [0, 312.734],
                    [-312.734, 0],
                    [0, -312.734]
                  ],
                  "c": true
                },
                "ix": 2
              },
              "nm": "Path 1",
              "mn": "ADBE Vector Shape - Group",
              "hd": false
            },
            {
              "ty": "st",
              "c": {
                "a": 0,
                "k": [1, 1, 1, 1],
                "ix": 3
              },
              "o": {
                "a": 0,
                "k": 100,
                "ix": 4
              },
              "w": {
                "a": 0,
                "k": 80,
                "ix": 5
              },
              "lc": 2,
              "lj": 1,
              "ml": 10,
              "ml2": {
                "a": 0,
                "k": 10,
                "ix": 8
              },
              "nm": "Stroke 1",
              "mn": "ADBE Vector Graphic - Stroke",
              "hd": false
            },
            {
              "ty": "tr",
              "p": {
                "a": 0,
                "k": [0, 0],
                "ix": 2
              },
              "a": {
                "a": 0,
                "k": [0, 0],
                "ix": 1
              },
              "s": {
                "a": 0,
                "k": [100, 100],
                "ix": 3
              },
              "r": {
                "a": 0,
                "k": 0,
                "ix": 6
              },
              "o": {
                "a": 0,
                "k": 100,
                "ix": 7
              },
              "sk": {
                "a": 0,
                "k": 0,
                "ix": 4
              },
              "sa": {
                "a": 0,
                "k": 0,
                "ix": 5
              },
              "nm": "Transform"
            }
          ],
          "nm": "Group 1",
          "np": 2,
          "cix": 2,
          "ix": 1,
          "mn": "ADBE Vector Group",
          "hd": false
        },
        {
          "ty": "tm",
          "s": {
            "a": 1,
            "k": [
              {
                "i": {
                  "x": [0.366],
                  "y": [1.002]
                },
                "o": {
                  "x": [0.167],
                  "y": [0.148]
                },
                "n": ["0p366_1p002_0p167_0p148"],
                "t": 36,
                "s": [0],
                "e": [26.2]
              },
              {
                "t": 44
              }
            ],
            "ix": 1
          },
          "e": {
            "a": 1,
            "k": [
              {
                "i": {
                  "x": [0.833],
                  "y": [0.833]
                },
                "o": {
                  "x": [0.768],
                  "y": [-0.014]
                },
                "n": ["0p833_0p833_0p768_-0p014"],
                "t": 24,
                "s": [0.2],
                "e": [26.2]
              },
              {
                "t": 40
              }
            ],
            "ix": 2
          },
          "o": {
            "a": 1,
            "k": [
              {
                "i": {
                  "x": [0.833],
                  "y": [0.889]
                },
                "o": {
                  "x": [0.167],
                  "y": [0.167]
                },
                "n": ["0p833_0p889_0p167_0p167"],
                "t": 24,
                "s": [-90],
                "e": [41]
              },
              {
                "t": 40
              }
            ],
            "ix": 3
          },
          "m": 1,
          "ix": 2,
          "nm": "Trim Paths 1",
          "mn": "ADBE Vector Filter - Trim",
          "hd": false
        }
      ],
      "ip": 24,
      "op": 44,
      "st": 0,
      "bm": 0
    },
    {
      "ddd": 0,
      "ind": 6,
      "ty": 4,
      "nm": "Слой 25",
      "sr": 1,
      "ks": {
        "o": {
          "a": 0,
          "k": 100,
          "ix": 11
        },
        "r": {
          "a": 0,
          "k": 0,
          "ix": 10
        },
        "p": {
          "a": 0,
          "k": [355, 355, 0],
          "ix": 2
        },
        "a": {
          "a": 0,
          "k": [0, 0, 0],
          "ix": 1
        },
        "s": {
          "a": 0,
          "k": [100, 100, 100],
          "ix": 6
        }
      },
      "ao": 0,
      "shapes": [
        {
          "ty": "gr",
          "it": [
            {
              "ind": 0,
              "ty": "sh",
              "ix": 1,
              "ks": {
                "a": 0,
                "k": {
                  "i": [
                    [0, -172.718],
                    [172.718, 0],
                    [0, 172.718],
                    [-172.718, 0]
                  ],
                  "o": [
                    [0, 172.718],
                    [-172.718, 0],
                    [0, -172.718],
                    [172.718, 0]
                  ],
                  "v": [
                    [312.734, 0],
                    [0, 312.734],
                    [-312.734, 0],
                    [0, -312.734]
                  ],
                  "c": true
                },
                "ix": 2
              },
              "nm": "Path 1",
              "mn": "ADBE Vector Shape - Group",
              "hd": false
            },
            {
              "ty": "st",
              "c": {
                "a": 0,
                "k": [1, 1, 1, 1],
                "ix": 3
              },
              "o": {
                "a": 0,
                "k": 100,
                "ix": 4
              },
              "w": {
                "a": 0,
                "k": 80,
                "ix": 5
              },
              "lc": 2,
              "lj": 1,
              "ml": 10,
              "ml2": {
                "a": 0,
                "k": 10,
                "ix": 8
              },
              "nm": "Stroke 1",
              "mn": "ADBE Vector Graphic - Stroke",
              "hd": false
            },
            {
              "ty": "tr",
              "p": {
                "a": 0,
                "k": [0, 0],
                "ix": 2
              },
              "a": {
                "a": 0,
                "k": [0, 0],
                "ix": 1
              },
              "s": {
                "a": 0,
                "k": [100, 100],
                "ix": 3
              },
              "r": {
                "a": 0,
                "k": 0,
                "ix": 6
              },
              "o": {
                "a": 0,
                "k": 100,
                "ix": 7
              },
              "sk": {
                "a": 0,
                "k": 0,
                "ix": 4
              },
              "sa": {
                "a": 0,
                "k": 0,
                "ix": 5
              },
              "nm": "Transform"
            }
          ],
          "nm": "Group 1",
          "np": 2,
          "cix": 2,
          "ix": 1,
          "mn": "ADBE Vector Group",
          "hd": false
        },
        {
          "ty": "tm",
          "s": {
            "a": 1,
            "k": [
              {
                "i": {
                  "x": [0.366],
                  "y": [1.002]
                },
                "o": {
                  "x": [0.167],
                  "y": [0.148]
                },
                "n": ["0p366_1p002_0p167_0p148"],
                "t": 36,
                "s": [0],
                "e": [26.2]
              },
              {
                "t": 44
              }
            ],
            "ix": 1
          },
          "e": {
            "a": 1,
            "k": [
              {
                "i": {
                  "x": [0.833],
                  "y": [0.833]
                },
                "o": {
                  "x": [0.768],
                  "y": [-0.014]
                },
                "n": ["0p833_0p833_0p768_-0p014"],
                "t": 24,
                "s": [0.2],
                "e": [26.2]
              },
              {
                "t": 40
              }
            ],
            "ix": 2
          },
          "o": {
            "a": 1,
            "k": [
              {
                "i": {
                  "x": [0.833],
                  "y": [0.889]
                },
                "o": {
                  "x": [0.167],
                  "y": [0.167]
                },
                "n": ["0p833_0p889_0p167_0p167"],
                "t": 24,
                "s": [90],
                "e": [221]
              },
              {
                "t": 40
              }
            ],
            "ix": 3
          },
          "m": 1,
          "ix": 2,
          "nm": "Trim Paths 1",
          "mn": "ADBE Vector Filter - Trim",
          "hd": false
        }
      ],
      "ip": 24,
      "op": 44,
      "st": 0,
      "bm": 0
    },
    {
      "ddd": 0,
      "ind": 7,
      "ty": 4,
      "nm": "Слой 31",
      "sr": 1,
      "ks": {
        "o": {
          "a": 0,
          "k": 100,
          "ix": 11
        },
        "r": {
          "a": 1,
          "k": [
            {
              "i": {
                "x": [0.289],
                "y": [0.995]
              },
              "o": {
                "x": [0.167],
                "y": [0.167]
              },
              "n": ["0p289_0p995_0p167_0p167"],
              "t": 123,
              "s": [-90],
              "e": [0]
            },
            {
              "t": 152
            }
          ],
          "ix": 10
        },
        "p": {
          "a": 0,
          "k": [355, 355, 0],
          "ix": 2
        },
        "a": {
          "a": 0,
          "k": [0, 0, 0],
          "ix": 1
        },
        "s": {
          "a": 0,
          "k": [100, 100, 100],
          "ix": 6
        }
      },
      "ao": 0,
      "shapes": [
        {
          "ty": "gr",
          "it": [
            {
              "ind": 0,
              "ty": "sh",
              "ix": 1,
              "ks": {
                "a": 0,
                "k": {
                  "i": [
                    [0, -22.091],
                    [22.091, 0],
                    [0, 22.091],
                    [-22.091, 0]
                  ],
                  "o": [
                    [0, 22.091],
                    [-22.091, 0],
                    [0, -22.091],
                    [22.091, 0]
                  ],
                  "v": [
                    [40, 176.333],
                    [0, 216.333],
                    [-40, 176.333],
                    [0, 136.333]
                  ],
                  "c": true
                },
                "ix": 2
              },
              "nm": "Path 1",
              "mn": "ADBE Vector Shape - Group",
              "hd": false
            },
            {
              "ty": "st",
              "c": {
                "a": 0,
                "k": [1, 1, 1, 1],
                "ix": 3
              },
              "o": {
                "a": 0,
                "k": 100,
                "ix": 4
              },
              "w": {
                "a": 0,
                "k": 1,
                "ix": 5
              },
              "lc": 1,
              "lj": 1,
              "ml": 10,
              "ml2": {
                "a": 0,
                "k": 10,
                "ix": 8
              },
              "nm": "Stroke 1",
              "mn": "ADBE Vector Graphic - Stroke",
              "hd": false
            },
            {
              "ty": "fl",
              "c": {
                "a": 0,
                "k": [1, 1, 1, 1],
                "ix": 4
              },
              "o": {
                "a": 0,
                "k": 100,
                "ix": 5
              },
              "r": 1,
              "nm": "Fill 1",
              "mn": "ADBE Vector Graphic - Fill",
              "hd": false
            },
            {
              "ty": "tr",
              "p": {
                "a": 0,
                "k": [0, 0],
                "ix": 2
              },
              "a": {
                "a": 0,
                "k": [0, 0],
                "ix": 1
              },
              "s": {
                "a": 0,
                "k": [100, 100],
                "ix": 3
              },
              "r": {
                "a": 0,
                "k": 0,
                "ix": 6
              },
              "o": {
                "a": 0,
                "k": 100,
                "ix": 7
              },
              "sk": {
                "a": 0,
                "k": 0,
                "ix": 4
              },
              "sa": {
                "a": 0,
                "k": 0,
                "ix": 5
              },
              "nm": "Transform"
            }
          ],
          "nm": "Group 1",
          "np": 3,
          "cix": 2,
          "ix": 1,
          "mn": "ADBE Vector Group",
          "hd": false
        }
      ],
      "ip": 122,
      "op": 156,
      "st": 122,
      "bm": 0
    },
    {
      "ddd": 0,
      "ind": 8,
      "ty": 4,
      "nm": "Слой 32",
      "sr": 1,
      "ks": {
        "o": {
          "a": 0,
          "k": 100,
          "ix": 11
        },
        "r": {
          "a": 1,
          "k": [
            {
              "i": {
                "x": [0.289],
                "y": [0.995]
              },
              "o": {
                "x": [0.167],
                "y": [0.167]
              },
              "n": ["0p289_0p995_0p167_0p167"],
              "t": 123,
              "s": [-90],
              "e": [0]
            },
            {
              "t": 152
            }
          ],
          "ix": 10
        },
        "p": {
          "a": 0,
          "k": [355, 355, 0],
          "ix": 2
        },
        "a": {
          "a": 0,
          "k": [0, 0, 0],
          "ix": 1
        },
        "s": {
          "a": 0,
          "k": [100, 100, 100],
          "ix": 6
        }
      },
      "ao": 0,
      "shapes": [
        {
          "ty": "gr",
          "it": [
            {
              "ind": 0,
              "ty": "sh",
              "ix": 1,
              "ks": {
                "a": 0,
                "k": {
                  "i": [
                    [0, -22.091],
                    [22.091, 0],
                    [0, 22.091],
                    [-22.091, 0]
                  ],
                  "o": [
                    [0, 22.091],
                    [-22.091, 0],
                    [0, -22.091],
                    [22.091, 0]
                  ],
                  "v": [
                    [40, -177],
                    [0, -137],
                    [-40, -177],
                    [0, -217]
                  ],
                  "c": true
                },
                "ix": 2
              },
              "nm": "Path 1",
              "mn": "ADBE Vector Shape - Group",
              "hd": false
            },
            {
              "ty": "st",
              "c": {
                "a": 0,
                "k": [1, 1, 1, 1],
                "ix": 3
              },
              "o": {
                "a": 0,
                "k": 100,
                "ix": 4
              },
              "w": {
                "a": 0,
                "k": 1,
                "ix": 5
              },
              "lc": 1,
              "lj": 1,
              "ml": 10,
              "ml2": {
                "a": 0,
                "k": 10,
                "ix": 8
              },
              "nm": "Stroke 1",
              "mn": "ADBE Vector Graphic - Stroke",
              "hd": false
            },
            {
              "ty": "fl",
              "c": {
                "a": 0,
                "k": [1, 1, 1, 1],
                "ix": 4
              },
              "o": {
                "a": 0,
                "k": 100,
                "ix": 5
              },
              "r": 1,
              "nm": "Fill 1",
              "mn": "ADBE Vector Graphic - Fill",
              "hd": false
            },
            {
              "ty": "tr",
              "p": {
                "a": 0,
                "k": [0, 0],
                "ix": 2
              },
              "a": {
                "a": 0,
                "k": [0, 0],
                "ix": 1
              },
              "s": {
                "a": 0,
                "k": [100, 100],
                "ix": 3
              },
              "r": {
                "a": 0,
                "k": 0,
                "ix": 6
              },
              "o": {
                "a": 0,
                "k": 100,
                "ix": 7
              },
              "sk": {
                "a": 0,
                "k": 0,
                "ix": 4
              },
              "sa": {
                "a": 0,
                "k": 0,
                "ix": 5
              },
              "nm": "Transform"
            }
          ],
          "nm": "Group 1",
          "np": 3,
          "cix": 2,
          "ix": 1,
          "mn": "ADBE Vector Group",
          "hd": false
        }
      ],
      "ip": 122,
      "op": 156,
      "st": 122,
      "bm": 0
    },
    {
      "ddd": 0,
      "ind": 9,
      "ty": 4,
      "nm": "Слой 24",
      "sr": 1,
      "ks": {
        "o": {
          "a": 0,
          "k": 100,
          "ix": 11
        },
        "r": {
          "a": 0,
          "k": 0,
          "ix": 10
        },
        "p": {
          "a": 1,
          "k": [
            {
              "i": {
                "x": 0.148,
                "y": 0.956
              },
              "o": {
                "x": 0.333,
                "y": 0
              },
              "n": "0p148_0p956_0p333_0",
              "t": 0,
              "s": [355, 531.333, 0],
              "e": [355, 475.167, 0],
              "to": [0, 0, 0],
              "ti": [0, 0, 0]
            },
            {
              "i": {
                "x": 0.833,
                "y": 0.833
              },
              "o": {
                "x": 0.673,
                "y": 0
              },
              "n": "0p833_0p833_0p673_0",
              "t": 11,
              "s": [355, 475.167, 0],
              "e": [355, 684.167, 0],
              "to": [0, 0, 0],
              "ti": [0, 0, 0]
            },
            {
              "t": 24
            }
          ],
          "ix": 2
        },
        "a": {
          "a": 0,
          "k": [0, 176.333, 0],
          "ix": 1
        },
        "s": {
          "a": 0,
          "k": [100, 100, 100],
          "ix": 6
        }
      },
      "ao": 0,
      "shapes": [
        {
          "ty": "gr",
          "it": [
            {
              "ind": 0,
              "ty": "sh",
              "ix": 1,
              "ks": {
                "a": 0,
                "k": {
                  "i": [
                    [0, -22.091],
                    [22.091, 0],
                    [0, 22.091],
                    [-22.091, 0]
                  ],
                  "o": [
                    [0, 22.091],
                    [-22.091, 0],
                    [0, -22.091],
                    [22.091, 0]
                  ],
                  "v": [
                    [40, 176.333],
                    [0, 216.333],
                    [-40, 176.333],
                    [0, 136.333]
                  ],
                  "c": true
                },
                "ix": 2
              },
              "nm": "Path 1",
              "mn": "ADBE Vector Shape - Group",
              "hd": false
            },
            {
              "ty": "st",
              "c": {
                "a": 0,
                "k": [1, 1, 1, 1],
                "ix": 3
              },
              "o": {
                "a": 0,
                "k": 100,
                "ix": 4
              },
              "w": {
                "a": 0,
                "k": 1,
                "ix": 5
              },
              "lc": 1,
              "lj": 1,
              "ml": 10,
              "ml2": {
                "a": 0,
                "k": 10,
                "ix": 8
              },
              "nm": "Stroke 1",
              "mn": "ADBE Vector Graphic - Stroke",
              "hd": false
            },
            {
              "ty": "fl",
              "c": {
                "a": 0,
                "k": [1, 1, 1, 1],
                "ix": 4
              },
              "o": {
                "a": 0,
                "k": 100,
                "ix": 5
              },
              "r": 1,
              "nm": "Fill 1",
              "mn": "ADBE Vector Graphic - Fill",
              "hd": false
            },
            {
              "ty": "tr",
              "p": {
                "a": 0,
                "k": [0, 0],
                "ix": 2
              },
              "a": {
                "a": 0,
                "k": [0, 0],
                "ix": 1
              },
              "s": {
                "a": 0,
                "k": [100, 100],
                "ix": 3
              },
              "r": {
                "a": 0,
                "k": 0,
                "ix": 6
              },
              "o": {
                "a": 0,
                "k": 100,
                "ix": 7
              },
              "sk": {
                "a": 0,
                "k": 0,
                "ix": 4
              },
              "sa": {
                "a": 0,
                "k": 0,
                "ix": 5
              },
              "nm": "Transform"
            }
          ],
          "nm": "Group 1",
          "np": 3,
          "cix": 2,
          "ix": 1,
          "mn": "ADBE Vector Group",
          "hd": false
        }
      ],
      "ip": 0,
      "op": 25,
      "st": 0,
      "bm": 0
    },
    {
      "ddd": 0,
      "ind": 10,
      "ty": 4,
      "nm": "Слой 23",
      "sr": 1,
      "ks": {
        "o": {
          "a": 0,
          "k": 100,
          "ix": 11
        },
        "r": {
          "a": 0,
          "k": 0,
          "ix": 10
        },
        "p": {
          "a": 0,
          "k": [355, 355, 0],
          "ix": 2
        },
        "a": {
          "a": 0,
          "k": [0, 0, 0],
          "ix": 1
        },
        "s": {
          "a": 0,
          "k": [100, 100, 100],
          "ix": 6
        }
      },
      "ao": 0,
      "shapes": [
        {
          "ty": "gr",
          "it": [
            {
              "ind": 0,
              "ty": "sh",
              "ix": 1,
              "ks": {
                "a": 0,
                "k": {
                  "i": [
                    [0, -22.091],
                    [22.091, 0],
                    [0, 22.091],
                    [-22.091, 0]
                  ],
                  "o": [
                    [0, 22.091],
                    [-22.091, 0],
                    [0, -22.091],
                    [22.091, 0]
                  ],
                  "v": [
                    [40, 0],
                    [0, 40],
                    [-40, 0],
                    [0, -40]
                  ],
                  "c": true
                },
                "ix": 2
              },
              "nm": "Path 1",
              "mn": "ADBE Vector Shape - Group",
              "hd": false
            },
            {
              "ty": "st",
              "c": {
                "a": 0,
                "k": [1, 1, 1, 1],
                "ix": 3
              },
              "o": {
                "a": 0,
                "k": 100,
                "ix": 4
              },
              "w": {
                "a": 0,
                "k": 1,
                "ix": 5
              },
              "lc": 1,
              "lj": 1,
              "ml": 10,
              "ml2": {
                "a": 0,
                "k": 10,
                "ix": 8
              },
              "nm": "Stroke 1",
              "mn": "ADBE Vector Graphic - Stroke",
              "hd": false
            },
            {
              "ty": "fl",
              "c": {
                "a": 0,
                "k": [1, 1, 1, 1],
                "ix": 4
              },
              "o": {
                "a": 0,
                "k": 100,
                "ix": 5
              },
              "r": 1,
              "nm": "Fill 1",
              "mn": "ADBE Vector Graphic - Fill",
              "hd": false
            },
            {
              "ty": "tr",
              "p": {
                "a": 0,
                "k": [0, 0],
                "ix": 2
              },
              "a": {
                "a": 0,
                "k": [0, 0],
                "ix": 1
              },
              "s": {
                "a": 0,
                "k": [100, 100],
                "ix": 3
              },
              "r": {
                "a": 0,
                "k": 0,
                "ix": 6
              },
              "o": {
                "a": 0,
                "k": 100,
                "ix": 7
              },
              "sk": {
                "a": 0,
                "k": 0,
                "ix": 4
              },
              "sa": {
                "a": 0,
                "k": 0,
                "ix": 5
              },
              "nm": "Transform"
            }
          ],
          "nm": "Group 1",
          "np": 3,
          "cix": 2,
          "ix": 1,
          "mn": "ADBE Vector Group",
          "hd": false
        }
      ],
      "ip": 0,
      "op": 156,
      "st": 0,
      "bm": 0
    },
    {
      "ddd": 0,
      "ind": 11,
      "ty": 4,
      "nm": "Слой 22",
      "sr": 1,
      "ks": {
        "o": {
          "a": 0,
          "k": 100,
          "ix": 11
        },
        "r": {
          "a": 0,
          "k": 0,
          "ix": 10
        },
        "p": {
          "a": 1,
          "k": [
            {
              "i": {
                "x": 0.148,
                "y": 0.964
              },
              "o": {
                "x": 0.333,
                "y": 0
              },
              "n": "0p148_0p964_0p333_0",
              "t": 0,
              "s": [355, 178, 0],
              "e": [355, 246.5, 0],
              "to": [0, 0, 0],
              "ti": [0, 0, 0]
            },
            {
              "i": {
                "x": 0.833,
                "y": 0.833
              },
              "o": {
                "x": 0.673,
                "y": 0
              },
              "n": "0p833_0p833_0p673_0",
              "t": 11,
              "s": [355, 246.5, 0],
              "e": [355, 54.5, 0],
              "to": [0, 0, 0],
              "ti": [0, 0, 0]
            },
            {
              "t": 24
            }
          ],
          "ix": 2
        },
        "a": {
          "a": 0,
          "k": [0, -177, 0],
          "ix": 1
        },
        "s": {
          "a": 0,
          "k": [100, 100, 100],
          "ix": 6
        }
      },
      "ao": 0,
      "shapes": [
        {
          "ty": "gr",
          "it": [
            {
              "ind": 0,
              "ty": "sh",
              "ix": 1,
              "ks": {
                "a": 0,
                "k": {
                  "i": [
                    [0, -22.091],
                    [22.091, 0],
                    [0, 22.091],
                    [-22.091, 0]
                  ],
                  "o": [
                    [0, 22.091],
                    [-22.091, 0],
                    [0, -22.091],
                    [22.091, 0]
                  ],
                  "v": [
                    [40, -177],
                    [0, -137],
                    [-40, -177],
                    [0, -217]
                  ],
                  "c": true
                },
                "ix": 2
              },
              "nm": "Path 1",
              "mn": "ADBE Vector Shape - Group",
              "hd": false
            },
            {
              "ty": "st",
              "c": {
                "a": 0,
                "k": [1, 1, 1, 1],
                "ix": 3
              },
              "o": {
                "a": 0,
                "k": 100,
                "ix": 4
              },
              "w": {
                "a": 0,
                "k": 1,
                "ix": 5
              },
              "lc": 1,
              "lj": 1,
              "ml": 10,
              "ml2": {
                "a": 0,
                "k": 10,
                "ix": 8
              },
              "nm": "Stroke 1",
              "mn": "ADBE Vector Graphic - Stroke",
              "hd": false
            },
            {
              "ty": "fl",
              "c": {
                "a": 0,
                "k": [1, 1, 1, 1],
                "ix": 4
              },
              "o": {
                "a": 0,
                "k": 100,
                "ix": 5
              },
              "r": 1,
              "nm": "Fill 1",
              "mn": "ADBE Vector Graphic - Fill",
              "hd": false
            },
            {
              "ty": "tr",
              "p": {
                "a": 0,
                "k": [0, 0],
                "ix": 2
              },
              "a": {
                "a": 0,
                "k": [0, 0],
                "ix": 1
              },
              "s": {
                "a": 0,
                "k": [100, 100],
                "ix": 3
              },
              "r": {
                "a": 0,
                "k": 0,
                "ix": 6
              },
              "o": {
                "a": 0,
                "k": 100,
                "ix": 7
              },
              "sk": {
                "a": 0,
                "k": 0,
                "ix": 4
              },
              "sa": {
                "a": 0,
                "k": 0,
                "ix": 5
              },
              "nm": "Transform"
            }
          ],
          "nm": "Group 1",
          "np": 3,
          "cix": 2,
          "ix": 1,
          "mn": "ADBE Vector Group",
          "hd": false
        }
      ],
      "ip": 0,
      "op": 25,
      "st": 0,
      "bm": 0
    }
  ],
  "markers": []
}
