{
  "v": "5.3.4",
  "fr": 48,
  "ip": 0,
  "op": 72,
  "w": 800,
  "h": 500,
  "nm": "slider left",
  "ddd": 0,
  "assets": [],
  "layers": [
    {
      "ddd": 0,
      "ind": 1,
      "ty": 4,
      "nm": "arr",
      "sr": 1,
      "ks": {
        "o": {
          "a": 0,
          "k": 100,
          "ix": 11
        },
        "r": {
          "a": 0,
          "k": 180,
          "ix": 10
        },
        "p": {
          "a": 1,
          "k": [
            {
              "i": {
                "x": 0,
                "y": 1
              },
              "o": {
                "x": 0.333,
                "y": 0
              },
              "n": "0_1_0p333_0",
              "t": 0,
              "s": [164.782, 249.903, 0],
              "e": [491.782, 249.903, 0],
              "to": [0, 0, 0],
              "ti": [0, 0, 0]
            },
            {
              "i": {
                "x": 0,
                "y": 1
              },
              "o": {
                "x": 0.333,
                "y": 0
              },
              "n": "0_1_0p333_0",
              "t": 16,
              "s": [491.782, 249.903, 0],
              "e": [-348.218, 249.903, 0],
              "to": [0, 0, 0],
              "ti": [0, 0, 0]
            },
            {
              "t": 66
            }
          ],
          "ix": 2
        },
        "a": {
          "a": 0,
          "k": [235.218, 0.097, 0],
          "ix": 1
        },
        "s": {
          "a": 0,
          "k": [100, 100, 100],
          "ix": 6
        }
      },
      "ao": 0,
      "shapes": [
        {
          "ty": "gr",
          "it": [
            {
              "ind": 0,
              "ty": "sh",
              "ix": 1,
              "ks": {
                "a": 1,
                "k": [
                  {
                    "i": {
                      "x": 0,
                      "y": 1
                    },
                    "o": {
                      "x": 0.333,
                      "y": 0
                    },
                    "n": "0_1_0p333_0",
                    "t": 0,
                    "s": [
                      {
                        "i": [
                          [0, 0],
                          [0, 0],
                          [0, 0]
                        ],
                        "o": [
                          [0, 0],
                          [0, 0],
                          [0, 0]
                        ],
                        "v": [
                          [146.23, 215.255],
                          [324.23, -1.036],
                          [146.205, -215.061]
                        ],
                        "c": false
                      }
                    ],
                    "e": [
                      {
                        "i": [
                          [0, 0],
                          [0, 0],
                          [0, 0]
                        ],
                        "o": [
                          [0, 0],
                          [0, 0],
                          [0, 0]
                        ],
                        "v": [
                          [168.23, 163.255],
                          [324.23, -1.036],
                          [167.838, -177.694]
                        ],
                        "c": false
                      }
                    ]
                  },
                  {
                    "i": {
                      "x": 0.833,
                      "y": 1
                    },
                    "o": {
                      "x": 0.333,
                      "y": 0
                    },
                    "n": "0p833_1_0p333_0",
                    "t": 16,
                    "s": [
                      {
                        "i": [
                          [0, 0],
                          [0, 0],
                          [0, 0]
                        ],
                        "o": [
                          [0, 0],
                          [0, 0],
                          [0, 0]
                        ],
                        "v": [
                          [168.23, 163.255],
                          [324.23, -1.036],
                          [167.838, -177.694]
                        ],
                        "c": false
                      }
                    ],
                    "e": [
                      {
                        "i": [
                          [0, 0],
                          [0, 0],
                          [0, 0]
                        ],
                        "o": [
                          [0, 0],
                          [0, 0],
                          [0, 0]
                        ],
                        "v": [
                          [168.23, 3.255],
                          [324.23, -1.036],
                          [168.838, -1.694]
                        ],
                        "c": false
                      }
                    ]
                  },
                  {
                    "t": 34
                  }
                ],
                "ix": 2
              },
              "nm": "Path 1",
              "mn": "ADBE Vector Shape - Group",
              "hd": false
            },
            {
              "ty": "st",
              "c": {
                "a": 0,
                "k": [0, 0.447, 0.961, 1],
                "ix": 3
              },
              "o": {
                "a": 0,
                "k": 100,
                "ix": 4
              },
              "w": {
                "a": 0,
                "k": 60,
                "ix": 5
              },
              "lc": 2,
              "lj": 2,
              "nm": "Stroke 1",
              "mn": "ADBE Vector Graphic - Stroke",
              "hd": false
            },
            {
              "ty": "tr",
              "p": {
                "a": 0,
                "k": [0, 0],
                "ix": 2
              },
              "a": {
                "a": 0,
                "k": [0, 0],
                "ix": 1
              },
              "s": {
                "a": 0,
                "k": [100, 100],
                "ix": 3
              },
              "r": {
                "a": 0,
                "k": 0,
                "ix": 6
              },
              "o": {
                "a": 0,
                "k": 100,
                "ix": 7
              },
              "sk": {
                "a": 0,
                "k": 0,
                "ix": 4
              },
              "sa": {
                "a": 0,
                "k": 0,
                "ix": 5
              },
              "nm": "Transform"
            }
          ],
          "nm": "Group 1",
          "np": 2,
          "cix": 2,
          "ix": 1,
          "mn": "ADBE Vector Group",
          "hd": false
        }
      ],
      "ip": 0,
      "op": 40,
      "st": 0,
      "bm": 0
    },
    {
      "ddd": 0,
      "ind": 2,
      "ty": 4,
      "nm": "line",
      "sr": 1,
      "ks": {
        "o": {
          "a": 0,
          "k": 100,
          "ix": 11
        },
        "r": {
          "a": 0,
          "k": 180,
          "ix": 10
        },
        "p": {
          "a": 1,
          "k": [
            {
              "i": {
                "x": 0,
                "y": 1
              },
              "o": {
                "x": 0.333,
                "y": 0
              },
              "n": "0_1_0p333_0",
              "t": 0,
              "s": [400, 250, 0],
              "e": [449, 250, 0],
              "to": [0, 0, 0],
              "ti": [0, 0, 0]
            },
            {
              "i": {
                "x": 0,
                "y": 1
              },
              "o": {
                "x": 0.333,
                "y": 0
              },
              "n": "0_1_0p333_0",
              "t": 16,
              "s": [449, 250, 0],
              "e": [-391, 250, 0],
              "to": [0, 0, 0],
              "ti": [0, 0, 0]
            },
            {
              "t": 66
            }
          ],
          "ix": 2
        },
        "a": {
          "a": 0,
          "k": [0, 0, 0],
          "ix": 1
        },
        "s": {
          "a": 0,
          "k": [100, 100, 100],
          "ix": 6
        }
      },
      "ao": 0,
      "shapes": [
        {
          "ty": "gr",
          "it": [
            {
              "ind": 0,
              "ty": "sh",
              "ix": 1,
              "ks": {
                "a": 1,
                "k": [
                  {
                    "i": {
                      "x": 0,
                      "y": 1
                    },
                    "o": {
                      "x": 0.333,
                      "y": 0
                    },
                    "n": "0_1_0p333_0",
                    "t": 0,
                    "s": [
                      {
                        "i": [
                          [0, 0],
                          [0, 0]
                        ],
                        "o": [
                          [0, 0],
                          [0, 0]
                        ],
                        "v": [
                          [-321.965, -0.33],
                          [306.008, -0.33]
                        ],
                        "c": false
                      }
                    ],
                    "e": [
                      {
                        "i": [
                          [0, 0],
                          [0, 0]
                        ],
                        "o": [
                          [0, 0],
                          [0, 0]
                        ],
                        "v": [
                          [-321.965, -0.33],
                          [46.008, -0.66]
                        ],
                        "c": false
                      }
                    ]
                  },
                  {
                    "i": {
                      "x": 0.833,
                      "y": 1
                    },
                    "o": {
                      "x": 0.333,
                      "y": 0
                    },
                    "n": "0p833_1_0p333_0",
                    "t": 16,
                    "s": [
                      {
                        "i": [
                          [0, 0],
                          [0, 0]
                        ],
                        "o": [
                          [0, 0],
                          [0, 0]
                        ],
                        "v": [
                          [-321.965, -0.33],
                          [46.008, -0.66]
                        ],
                        "c": false
                      }
                    ],
                    "e": [
                      {
                        "i": [
                          [0, 0],
                          [0, 0]
                        ],
                        "o": [
                          [0, 0],
                          [0, 0]
                        ],
                        "v": [
                          [-225.965, -0.66],
                          [46.008, -0.66]
                        ],
                        "c": false
                      }
                    ]
                  },
                  {
                    "t": 34
                  }
                ],
                "ix": 2
              },
              "nm": "Path 1",
              "mn": "ADBE Vector Shape - Group",
              "hd": false
            },
            {
              "ty": "st",
              "c": {
                "a": 0,
                "k": [0, 0.447, 0.961, 1],
                "ix": 3
              },
              "o": {
                "a": 0,
                "k": 100,
                "ix": 4
              },
              "w": {
                "a": 0,
                "k": 60,
                "ix": 5
              },
              "lc": 2,
              "lj": 1,
              "ml": 10,
              "ml2": {
                "a": 0,
                "k": 10,
                "ix": 8
              },
              "nm": "Stroke 1",
              "mn": "ADBE Vector Graphic - Stroke",
              "hd": false
            },
            {
              "ty": "tr",
              "p": {
                "a": 0,
                "k": [0, 0],
                "ix": 2
              },
              "a": {
                "a": 0,
                "k": [0, 0],
                "ix": 1
              },
              "s": {
                "a": 0,
                "k": [100, 100],
                "ix": 3
              },
              "r": {
                "a": 0,
                "k": 0,
                "ix": 6
              },
              "o": {
                "a": 0,
                "k": 100,
                "ix": 7
              },
              "sk": {
                "a": 0,
                "k": 0,
                "ix": 4
              },
              "sa": {
                "a": 0,
                "k": 0,
                "ix": 5
              },
              "nm": "Transform"
            }
          ],
          "nm": "Group 1",
          "np": 2,
          "cix": 2,
          "ix": 1,
          "mn": "ADBE Vector Group",
          "hd": false
        }
      ],
      "ip": 0,
      "op": 40,
      "st": 0,
      "bm": 0
    },
    {
      "ddd": 0,
      "ind": 3,
      "ty": 4,
      "nm": "arr 2",
      "sr": 1,
      "ks": {
        "o": {
          "a": 0,
          "k": 100,
          "ix": 11
        },
        "r": {
          "a": 0,
          "k": 180,
          "ix": 10
        },
        "p": {
          "a": 1,
          "k": [
            {
              "i": {
                "x": 0.667,
                "y": 1
              },
              "o": {
                "x": 0.333,
                "y": 0
              },
              "n": "0p667_1_0p333_0",
              "t": 21,
              "s": [491.782, 249.903, 0],
              "e": [164.782, 249.903, 0],
              "to": [0, 0, 0],
              "ti": [0, 0, 0]
            },
            {
              "t": 58
            }
          ],
          "ix": 2
        },
        "a": {
          "a": 0,
          "k": [235.218, 0.097, 0],
          "ix": 1
        },
        "s": {
          "a": 0,
          "k": [100, 100, 100],
          "ix": 6
        }
      },
      "ao": 0,
      "shapes": [
        {
          "ty": "gr",
          "it": [
            {
              "ind": 0,
              "ty": "sh",
              "ix": 1,
              "ks": {
                "a": 1,
                "k": [
                  {
                    "i": {
                      "x": 0.833,
                      "y": 0.833
                    },
                    "o": {
                      "x": 0.333,
                      "y": 0
                    },
                    "n": "0p833_0p833_0p333_0",
                    "t": 21,
                    "s": [
                      {
                        "i": [
                          [0, 0],
                          [0, 0],
                          [0, 0]
                        ],
                        "o": [
                          [0, 0],
                          [0, 0],
                          [0, 0]
                        ],
                        "v": [
                          [-43.77, -1.781],
                          [-45.77, -0.071],
                          [-46.162, -2.73]
                        ],
                        "c": false
                      }
                    ],
                    "e": [
                      {
                        "i": [
                          [0, 0],
                          [0, 0],
                          [0, 0]
                        ],
                        "o": [
                          [0, 0],
                          [0, 0],
                          [0, 0]
                        ],
                        "v": [
                          [-24.637, -0.642],
                          [10.483, -1.777],
                          [-26.499, -0.979]
                        ],
                        "c": false
                      }
                    ]
                  },
                  {
                    "i": {
                      "x": 0,
                      "y": 1
                    },
                    "o": {
                      "x": 0.167,
                      "y": 0.167
                    },
                    "n": "0_1_0p167_0p167",
                    "t": 28,
                    "s": [
                      {
                        "i": [
                          [0, 0],
                          [0, 0],
                          [0, 0]
                        ],
                        "o": [
                          [0, 0],
                          [0, 0],
                          [0, 0]
                        ],
                        "v": [
                          [-24.637, -0.642],
                          [10.483, -1.777],
                          [-26.499, -0.979]
                        ],
                        "c": false
                      }
                    ],
                    "e": [
                      {
                        "i": [
                          [0, 0],
                          [0, 0],
                          [0, 0]
                        ],
                        "o": [
                          [0, 0],
                          [0, 0],
                          [0, 0]
                        ],
                        "v": [
                          [146.23, 215.255],
                          [324.23, -1.036],
                          [146.205, -215.061]
                        ],
                        "c": false
                      }
                    ]
                  },
                  {
                    "t": 58
                  }
                ],
                "ix": 2
              },
              "nm": "Path 1",
              "mn": "ADBE Vector Shape - Group",
              "hd": false
            },
            {
              "ty": "st",
              "c": {
                "a": 0,
                "k": [0, 0.447, 0.961, 1],
                "ix": 3
              },
              "o": {
                "a": 0,
                "k": 100,
                "ix": 4
              },
              "w": {
                "a": 1,
                "k": [
                  {
                    "i": {
                      "x": [0],
                      "y": [1]
                    },
                    "o": {
                      "x": [0.333],
                      "y": [0]
                    },
                    "n": ["0_1_0p333_0"],
                    "t": 23,
                    "s": [0],
                    "e": [60]
                  },
                  {
                    "t": 27
                  }
                ],
                "ix": 5
              },
              "lc": 2,
              "lj": 2,
              "nm": "Stroke 1",
              "mn": "ADBE Vector Graphic - Stroke",
              "hd": false
            },
            {
              "ty": "tr",
              "p": {
                "a": 0,
                "k": [0, 0],
                "ix": 2
              },
              "a": {
                "a": 0,
                "k": [0, 0],
                "ix": 1
              },
              "s": {
                "a": 0,
                "k": [100, 100],
                "ix": 3
              },
              "r": {
                "a": 0,
                "k": 0,
                "ix": 6
              },
              "o": {
                "a": 0,
                "k": 100,
                "ix": 7
              },
              "sk": {
                "a": 0,
                "k": 0,
                "ix": 4
              },
              "sa": {
                "a": 0,
                "k": 0,
                "ix": 5
              },
              "nm": "Transform"
            }
          ],
          "nm": "Group 1",
          "np": 2,
          "cix": 2,
          "ix": 1,
          "mn": "ADBE Vector Group",
          "hd": false
        }
      ],
      "ip": 25,
      "op": 72,
      "st": 21,
      "bm": 0
    },
    {
      "ddd": 0,
      "ind": 4,
      "ty": 4,
      "nm": "line 2",
      "sr": 1,
      "ks": {
        "o": {
          "a": 0,
          "k": 100,
          "ix": 11
        },
        "r": {
          "a": 0,
          "k": 180,
          "ix": 10
        },
        "p": {
          "a": 1,
          "k": [
            {
              "i": {
                "x": 0.667,
                "y": 1
              },
              "o": {
                "x": 0.333,
                "y": 0
              },
              "n": "0p667_1_0p333_0",
              "t": 21,
              "s": [449, 250, 0],
              "e": [400, 250, 0],
              "to": [-8.16666698455811, 0, 0],
              "ti": [8.16666698455811, 0, 0]
            },
            {
              "t": 64
            }
          ],
          "ix": 2
        },
        "a": {
          "a": 0,
          "k": [0, 0, 0],
          "ix": 1
        },
        "s": {
          "a": 0,
          "k": [100, 100, 100],
          "ix": 6
        }
      },
      "ao": 0,
      "shapes": [
        {
          "ty": "gr",
          "it": [
            {
              "ind": 0,
              "ty": "sh",
              "ix": 1,
              "ks": {
                "a": 1,
                "k": [
                  {
                    "i": {
                      "x": 0,
                      "y": 1
                    },
                    "o": {
                      "x": 0.411,
                      "y": 0
                    },
                    "n": "0_1_0p411_0",
                    "t": 20,
                    "s": [
                      {
                        "i": [
                          [0, 0],
                          [0, 0]
                        ],
                        "o": [
                          [0, 0],
                          [0, 0]
                        ],
                        "v": [
                          [-321.965, -0.33],
                          [-319.992, -1.32]
                        ],
                        "c": false
                      }
                    ],
                    "e": [
                      {
                        "i": [
                          [0, 0],
                          [0, 0]
                        ],
                        "o": [
                          [0, 0],
                          [0, 0]
                        ],
                        "v": [
                          [-321.965, -0.33],
                          [282.008, -0.66]
                        ],
                        "c": false
                      }
                    ]
                  },
                  {
                    "t": 71
                  }
                ],
                "ix": 2
              },
              "nm": "Path 1",
              "mn": "ADBE Vector Shape - Group",
              "hd": false
            },
            {
              "ty": "st",
              "c": {
                "a": 0,
                "k": [0, 0.447, 0.961, 1],
                "ix": 3
              },
              "o": {
                "a": 0,
                "k": 100,
                "ix": 4
              },
              "w": {
                "a": 1,
                "k": [
                  {
                    "i": {
                      "x": [0],
                      "y": [1]
                    },
                    "o": {
                      "x": [0.333],
                      "y": [0]
                    },
                    "n": ["0_1_0p333_0"],
                    "t": 23,
                    "s": [0],
                    "e": [60]
                  },
                  {
                    "t": 27
                  }
                ],
                "ix": 5
              },
              "lc": 2,
              "lj": 1,
              "ml": 10,
              "ml2": {
                "a": 0,
                "k": 10,
                "ix": 8
              },
              "nm": "Stroke 1",
              "mn": "ADBE Vector Graphic - Stroke",
              "hd": false
            },
            {
              "ty": "tr",
              "p": {
                "a": 0,
                "k": [0, 0],
                "ix": 2
              },
              "a": {
                "a": 0,
                "k": [0, 0],
                "ix": 1
              },
              "s": {
                "a": 0,
                "k": [100, 100],
                "ix": 3
              },
              "r": {
                "a": 0,
                "k": 0,
                "ix": 6
              },
              "o": {
                "a": 0,
                "k": 100,
                "ix": 7
              },
              "sk": {
                "a": 0,
                "k": 0,
                "ix": 4
              },
              "sa": {
                "a": 0,
                "k": 0,
                "ix": 5
              },
              "nm": "Transform"
            }
          ],
          "nm": "Group 1",
          "np": 2,
          "cix": 2,
          "ix": 1,
          "mn": "ADBE Vector Group",
          "hd": false
        }
      ],
      "ip": 25,
      "op": 72,
      "st": 21,
      "bm": 0
    }
  ],
  "markers": [
    {
      "tm": 34,
      "cm": "1",
      "dr": 0
    }
  ]
}
