{
  "v": "5.3.4",
  "fr": 60,
  "ip": 0,
  "op": 120,
  "w": 698,
  "h": 756,
  "nm": "twit",
  "ddd": 0,
  "assets": [],
  "layers": [
    {
      "ddd": 0,
      "ind": 1,
      "ty": 4,
      "nm": "Слой 9",
      "sr": 1,
      "ks": {
        "o": {
          "a": 0,
          "k": 100,
          "ix": 11
        },
        "r": {
          "a": 0,
          "k": 0,
          "ix": 10
        },
        "p": {
          "a": 1,
          "k": [
            {
              "i": {
                "x": 0.329,
                "y": 1
              },
              "o": {
                "x": 0.333,
                "y": 0
              },
              "n": "0p329_1_0p333_0",
              "t": 10,
              "s": [336, 470, 0],
              "e": [309, 499, 0],
              "to": [3.5, 11.8333330154419, 0],
              "ti": [18.8029289245605, 15.9662799835205, 0]
            },
            {
              "i": {
                "x": 0.567,
                "y": 1
              },
              "o": {
                "x": 0.333,
                "y": 0
              },
              "n": "0p567_1_0p333_0",
              "t": 29,
              "s": [309, 499, 0],
              "e": [392, 333, 0],
              "to": [-38.6666679382324, -32.8333320617676, 0],
              "ti": [-42.5472412109375, -20.2980270385742, 0]
            },
            {
              "i": {
                "x": 0.506,
                "y": 1
              },
              "o": {
                "x": 0.333,
                "y": 0
              },
              "n": "0p506_1_0p333_0",
              "t": 67,
              "s": [392, 333, 0],
              "e": [336, 470, 0],
              "to": [49.8513221740723, 23.7825870513916, 0],
              "ti": [9.33333301544189, -22.8333339691162, 0]
            },
            {
              "t": 119
            }
          ],
          "ix": 2
        },
        "a": {
          "a": 0,
          "k": [0, 0, 0],
          "ix": 1
        },
        "s": {
          "a": 0,
          "k": [100, 100, 100],
          "ix": 6
        }
      },
      "ao": 0,
      "shapes": [
        {
          "ty": "gr",
          "it": [
            {
              "ind": 0,
              "ty": "sh",
              "ix": 1,
              "ks": {
                "a": 1,
                "k": [
                  {
                    "i": {
                      "x": 0.833,
                      "y": 0.833
                    },
                    "o": {
                      "x": 0.422,
                      "y": 0
                    },
                    "n": "0p833_0p833_0p422_0",
                    "t": 3,
                    "s": [
                      {
                        "i": [
                          [0, 0],
                          [0, 162.673],
                          [0.36, 5.28],
                          [-16.527, 24.717],
                          [24.403, -2.885],
                          [-9.186, 28.5],
                          [27.566, -5.436],
                          [33.974, 0],
                          [0, -67.594],
                          [-2.119, -9.134],
                          [62.477, 76.864],
                          [-53.79, -35.918],
                          [17.116, 9.543],
                          [0, 0],
                          [-57.22, -11.558],
                          [18.443, 3.552],
                          [-52.534, -0.987],
                          [55.431, 0.055],
                          [9.724, 1.165],
                          [-66.884, 0.089]
                        ],
                        "o": [
                          [226.416, 0],
                          [0, -5.327],
                          [24.091, -17.427],
                          [-22.466, 9.955],
                          [25.692, -15.38],
                          [-24.163, 14.338],
                          [-23.276, -24.751],
                          [-67.596, 0],
                          [0, 9.377],
                          [-98.927, -4.958],
                          [-32.489, 55.929],
                          [-19.588, -0.58],
                          [0, 0],
                          [0.016, 58.376],
                          [-18.122, 4.942],
                          [16.086, 50.021],
                          [-43.582, 34.25],
                          [-9.795, -0.019],
                          [56.29, 36.123],
                          [0, 0]
                        ],
                        "v": [
                          [-111.312, 243.765],
                          [238.944, -106.491],
                          [238.584, -122.402],
                          [300, -186.122],
                          [229.296, -166.754],
                          [283.416, -234.843],
                          [205.248, -204.962],
                          [115.491, -243.765],
                          [-7.726, -120.55],
                          [-4.536, -92.691],
                          [-258.24, -221.306],
                          [-220.129, -56.979],
                          [-276, -72.387],
                          [-276, -70.827],
                          [-177.24, 49.846],
                          [-232.823, 51.957],
                          [-117.816, 137.446],
                          [-270.696, 190.246],
                          [-300, 188.469],
                          [-111.312, 243.669]
                        ],
                        "c": false
                      }
                    ],
                    "e": [
                      {
                        "i": [
                          [0, 0],
                          [12.653, 162.18],
                          [0.769, 5.236],
                          [-14.554, 25.928],
                          [24.255, -9.341],
                          [-15.295, 12.39],
                          [27.06, -7.564],
                          [33.871, -2.642],
                          [-5.257, -67.389],
                          [-2.823, -8.941],
                          [96.444, 69.626],
                          [-53.79, -35.918],
                          [17.116, 9.543],
                          [0, 0],
                          [-57.22, -11.558],
                          [17.027, -19.638],
                          [-71.981, 57.874],
                          [55.431, 0.055],
                          [9.724, 1.165],
                          [-66.884, 0.089]
                        ],
                        "o": [
                          [226.416, 0],
                          [-0.414, -5.311],
                          [21.122, -26.501],
                          [-18.613, 15.938],
                          [26.63, -11.031],
                          [-29.196, -5.082],
                          [-25.13, -22.866],
                          [-67.391, 5.258],
                          [0.729, 9.349],
                          [-102.685, 37.11],
                          [-32.489, 55.929],
                          [-19.588, -0.58],
                          [0, 0],
                          [0.016, 58.376],
                          [-18.122, 4.942],
                          [68.027, 42.362],
                          [-73.981, 35.874],
                          [-9.795, -0.019],
                          [56.29, 36.123],
                          [0, 0]
                        ],
                        "v": [
                          [-111.312, 243.765],
                          [237.494, -118.321],
                          [235.774, -142.171],
                          [274.102, -209.074],
                          [223.188, -177.651],
                          [274.001, -209.288],
                          [196.241, -213.873],
                          [103.738, -245.577],
                          [-9.522, -113.151],
                          [-4.175, -85.625],
                          [-288.24, -163.306],
                          [-250.129, 1.021],
                          [-306, -14.387],
                          [-306, -12.827],
                          [-207.24, 107.846],
                          [-289.823, 122.957],
                          [-117.816, 137.446],
                          [-270.696, 190.246],
                          [-300, 188.469],
                          [-111.312, 243.669]
                        ],
                        "c": false
                      }
                    ]
                  },
                  {
                    "i": {
                      "x": 0.833,
                      "y": 0.833
                    },
                    "o": {
                      "x": 0.167,
                      "y": 0.167
                    },
                    "n": "0p833_0p833_0p167_0p167",
                    "t": 22,
                    "s": [
                      {
                        "i": [
                          [0, 0],
                          [12.653, 162.18],
                          [0.769, 5.236],
                          [-14.554, 25.928],
                          [24.255, -9.341],
                          [-15.295, 12.39],
                          [27.06, -7.564],
                          [33.871, -2.642],
                          [-5.257, -67.389],
                          [-2.823, -8.941],
                          [96.444, 69.626],
                          [-53.79, -35.918],
                          [17.116, 9.543],
                          [0, 0],
                          [-57.22, -11.558],
                          [17.027, -19.638],
                          [-71.981, 57.874],
                          [55.431, 0.055],
                          [9.724, 1.165],
                          [-66.884, 0.089]
                        ],
                        "o": [
                          [226.416, 0],
                          [-0.414, -5.311],
                          [21.122, -26.501],
                          [-18.613, 15.938],
                          [26.63, -11.031],
                          [-29.196, -5.082],
                          [-25.13, -22.866],
                          [-67.391, 5.258],
                          [0.729, 9.349],
                          [-102.685, 37.11],
                          [-32.489, 55.929],
                          [-19.588, -0.58],
                          [0, 0],
                          [0.016, 58.376],
                          [-18.122, 4.942],
                          [68.027, 42.362],
                          [-73.981, 35.874],
                          [-9.795, -0.019],
                          [56.29, 36.123],
                          [0, 0]
                        ],
                        "v": [
                          [-111.312, 243.765],
                          [237.494, -118.321],
                          [235.774, -142.171],
                          [274.102, -209.074],
                          [223.188, -177.651],
                          [274.001, -209.288],
                          [196.241, -213.873],
                          [103.738, -245.577],
                          [-9.522, -113.151],
                          [-4.175, -85.625],
                          [-288.24, -163.306],
                          [-250.129, 1.021],
                          [-306, -14.387],
                          [-306, -12.827],
                          [-207.24, 107.846],
                          [-289.823, 122.957],
                          [-117.816, 137.446],
                          [-270.696, 190.246],
                          [-300, 188.469],
                          [-111.312, 243.669]
                        ],
                        "c": false
                      }
                    ],
                    "e": [
                      {
                        "i": [
                          [0, 0],
                          [30.024, 203.277],
                          [0.36, 5.28],
                          [-16.527, 24.717],
                          [24.482, -3.552],
                          [-19.158, 21.027],
                          [27.566, -5.436],
                          [33.974, 0],
                          [-0.064, -67.594],
                          [0.772, -0.118],
                          [124.422, 51.371],
                          [-55.784, -33.641],
                          [17.909, 9.01],
                          [0, 0],
                          [-61.577, -11.845],
                          [19.862, 3.662],
                          [-40.638, -4.544],
                          [70.504, -4.272],
                          [12.308, -0.496],
                          [-71.381, -0.81]
                        ],
                        "o": [
                          [243.619, -21.906],
                          [-0.778, -5.27],
                          [24.091, -17.427],
                          [-22.705, 9.133],
                          [25.249, -10.834],
                          [-22.482, 0.658],
                          [-23.276, -24.751],
                          [-67.596, 0],
                          [0.034, 35.909],
                          [-22.567, -53.779],
                          [-40.204, 49.415],
                          [-21.362, -1.021],
                          [0, 0],
                          [-4.878, 52.444],
                          [-20.223, 3.977],
                          [17.952, 68.372],
                          [-40.284, 23.915],
                          [-9.777, 0.592],
                          [55.808, 40.004],
                          [0, 0]
                        ],
                        "v": [
                          [-105.368, 247.821],
                          [238.888, -110.023],
                          [238.528, -125.935],
                          [293.047, -186.289],
                          [229.24, -166.698],
                          [283.808, -213.14],
                          [205.192, -204.906],
                          [115.434, -243.709],
                          [-5.782, -108.494],
                          [-6.021, -69.467],
                          [-235.51, -242.117],
                          [-231.634, -75.517],
                          [-291.413, -90.786],
                          [-291.544, -89.384],
                          [-193.714, 21.547],
                          [-254.648, 22.024],
                          [-104.964, 168.501],
                          [-229.752, 203.188],
                          [-266.056, 204.911],
                          [-105.368, 247.725]
                        ],
                        "c": false
                      }
                    ]
                  },
                  {
                    "i": {
                      "x": 0.833,
                      "y": 0.833
                    },
                    "o": {
                      "x": 0.167,
                      "y": 0.167
                    },
                    "n": "0p833_0p833_0p167_0p167",
                    "t": 39,
                    "s": [
                      {
                        "i": [
                          [0, 0],
                          [30.024, 203.277],
                          [0.36, 5.28],
                          [-16.527, 24.717],
                          [24.482, -3.552],
                          [-19.158, 21.027],
                          [27.566, -5.436],
                          [33.974, 0],
                          [-0.064, -67.594],
                          [0.772, -0.118],
                          [124.422, 51.371],
                          [-55.784, -33.641],
                          [17.909, 9.01],
                          [0, 0],
                          [-61.577, -11.845],
                          [19.862, 3.662],
                          [-40.638, -4.544],
                          [70.504, -4.272],
                          [12.308, -0.496],
                          [-71.381, -0.81]
                        ],
                        "o": [
                          [243.619, -21.906],
                          [-0.778, -5.27],
                          [24.091, -17.427],
                          [-22.705, 9.133],
                          [25.249, -10.834],
                          [-22.482, 0.658],
                          [-23.276, -24.751],
                          [-67.596, 0],
                          [0.034, 35.909],
                          [-22.567, -53.779],
                          [-40.204, 49.415],
                          [-21.362, -1.021],
                          [0, 0],
                          [-4.878, 52.444],
                          [-20.223, 3.977],
                          [17.952, 68.372],
                          [-40.284, 23.915],
                          [-9.777, 0.592],
                          [55.808, 40.004],
                          [0, 0]
                        ],
                        "v": [
                          [-105.368, 247.821],
                          [238.888, -110.023],
                          [238.528, -125.935],
                          [293.047, -186.289],
                          [229.24, -166.698],
                          [283.808, -213.14],
                          [205.192, -204.906],
                          [115.434, -243.709],
                          [-5.782, -108.494],
                          [-6.021, -69.467],
                          [-235.51, -242.117],
                          [-231.634, -75.517],
                          [-291.413, -90.786],
                          [-291.544, -89.384],
                          [-193.714, 21.547],
                          [-254.648, 22.024],
                          [-104.964, 168.501],
                          [-229.752, 203.188],
                          [-266.056, 204.911],
                          [-105.368, 247.725]
                        ],
                        "c": false
                      }
                    ],
                    "e": [
                      {
                        "i": [
                          [0, 0],
                          [29.427, 211.482],
                          [0.36, 5.28],
                          [-16.527, 24.717],
                          [24.403, -2.885],
                          [-9.186, 28.5],
                          [27.566, -5.436],
                          [33.974, 0],
                          [0, -67.594],
                          [4.137, -9.343],
                          [2.067, 105.555],
                          [-21.286, -64.16],
                          [7.99, 18.75],
                          [0, 0],
                          [-39.823, -44.719],
                          [12.947, 14.26],
                          [-42.766, -32.558],
                          [55.431, 0.055],
                          [9.724, 1.165],
                          [-66.884, 0.089]
                        ],
                        "o": [
                          [226.416, 0],
                          [-0.734, -5.276],
                          [24.091, -17.427],
                          [-22.466, 9.955],
                          [25.692, -15.38],
                          [-24.163, 14.338],
                          [-23.276, -24.751],
                          [-67.596, 0],
                          [0, 9.377],
                          [20.197, -76.835],
                          [-62.896, 29.788],
                          [-15.809, -12.327],
                          [0, 0],
                          [-37.618, 51.555],
                          [-18.158, -6.567],
                          [-13.452, 88.638],
                          [-44.859, 27.567],
                          [-9.795, -0.019],
                          [56.29, 36.123],
                          [0, 0]
                        ],
                        "v": [
                          [-111.312, 243.765],
                          [238.944, -106.491],
                          [238.584, -122.402],
                          [300, -186.122],
                          [223.296, -176.754],
                          [263.545, -244.972],
                          [199.248, -217.962],
                          [115.491, -243.765],
                          [-7.726, -120.55],
                          [47.303, -63.665],
                          [-79.388, -330.257],
                          [-153.834, -162.17],
                          [-190.061, -209.475],
                          [-191.067, -208.098],
                          [-187.265, -41.976],
                          [-234.548, -73.638],
                          [-123.141, 153.433],
                          [-270.696, 190.246],
                          [-300, 188.469],
                          [-111.312, 243.669]
                        ],
                        "c": false
                      }
                    ]
                  },
                  {
                    "i": {
                      "x": 0.833,
                      "y": 0.833
                    },
                    "o": {
                      "x": 0.167,
                      "y": 0.167
                    },
                    "n": "0p833_0p833_0p167_0p167",
                    "t": 57,
                    "s": [
                      {
                        "i": [
                          [0, 0],
                          [29.427, 211.482],
                          [0.36, 5.28],
                          [-16.527, 24.717],
                          [24.403, -2.885],
                          [-9.186, 28.5],
                          [27.566, -5.436],
                          [33.974, 0],
                          [0, -67.594],
                          [4.137, -9.343],
                          [2.067, 105.555],
                          [-21.286, -64.16],
                          [7.99, 18.75],
                          [0, 0],
                          [-39.823, -44.719],
                          [12.947, 14.26],
                          [-42.766, -32.558],
                          [55.431, 0.055],
                          [9.724, 1.165],
                          [-66.884, 0.089]
                        ],
                        "o": [
                          [226.416, 0],
                          [-0.734, -5.276],
                          [24.091, -17.427],
                          [-22.466, 9.955],
                          [25.692, -15.38],
                          [-24.163, 14.338],
                          [-23.276, -24.751],
                          [-67.596, 0],
                          [0, 9.377],
                          [20.197, -76.835],
                          [-62.896, 29.788],
                          [-15.809, -12.327],
                          [0, 0],
                          [-37.618, 51.555],
                          [-18.158, -6.567],
                          [-13.452, 88.638],
                          [-44.859, 27.567],
                          [-9.795, -0.019],
                          [56.29, 36.123],
                          [0, 0]
                        ],
                        "v": [
                          [-111.312, 243.765],
                          [238.944, -106.491],
                          [238.584, -122.402],
                          [300, -186.122],
                          [223.296, -176.754],
                          [263.545, -244.972],
                          [199.248, -217.962],
                          [115.491, -243.765],
                          [-7.726, -120.55],
                          [47.303, -63.665],
                          [-79.388, -330.257],
                          [-153.834, -162.17],
                          [-190.061, -209.475],
                          [-191.067, -208.098],
                          [-187.265, -41.976],
                          [-234.548, -73.638],
                          [-123.141, 153.433],
                          [-270.696, 190.246],
                          [-300, 188.469],
                          [-111.312, 243.669]
                        ],
                        "c": false
                      }
                    ],
                    "e": [
                      {
                        "i": [
                          [0, 0],
                          [0, 162.673],
                          [0.36, 5.28],
                          [-16.527, 24.717],
                          [24.403, -2.885],
                          [-9.186, 28.5],
                          [27.566, -5.436],
                          [33.974, 0],
                          [-2.007, -67.564],
                          [0.073, 1.079],
                          [87.387, 122.37],
                          [-39.04, -48.734],
                          [12.975, 13.721],
                          [0, 0],
                          [-49.325, -26.607],
                          [15.949, 8.411],
                          [-75.945, 26.843],
                          [55.431, 0.055],
                          [9.724, 1.165],
                          [-66.884, 0.089]
                        ],
                        "o": [
                          [226.416, 0],
                          [0, -5.327],
                          [24.091, -17.427],
                          [-22.466, 9.955],
                          [25.692, -15.38],
                          [-24.163, 14.338],
                          [-23.276, -24.751],
                          [-67.596, 0],
                          [3.542, 119.228],
                          [-4.679, -69.151],
                          [-46.288, 44.066],
                          [-17.873, -5.911],
                          [0, 0],
                          [-17.062, 55.281],
                          [-18.138, -0.281],
                          [-22.571, 90.873],
                          [-44.161, 31.218],
                          [-9.795, -0.019],
                          [56.29, 36.123],
                          [0, 0]
                        ],
                        "v": [
                          [-111.312, 243.765],
                          [238.944, -106.491],
                          [238.584, -122.402],
                          [300, -186.122],
                          [229.296, -166.754],
                          [283.416, -234.843],
                          [205.248, -204.962],
                          [115.491, -243.765],
                          [-7.726, -120.55],
                          [18.989, -79.519],
                          [-223.077, -277.04],
                          [-236.044, -111.006],
                          [-283.001, -140.889],
                          [-283.457, -139.412],
                          [-227.79, 1.885],
                          [-279.606, -11.329],
                          [-120.232, 144.701],
                          [-270.696, 190.246],
                          [-300, 188.469],
                          [-111.312, 243.669]
                        ],
                        "c": false
                      }
                    ]
                  },
                  {
                    "i": {
                      "x": 0.573,
                      "y": 1
                    },
                    "o": {
                      "x": 0.167,
                      "y": 0.167
                    },
                    "n": "0p573_1_0p167_0p167",
                    "t": 78,
                    "s": [
                      {
                        "i": [
                          [0, 0],
                          [0, 162.673],
                          [0.36, 5.28],
                          [-16.527, 24.717],
                          [24.403, -2.885],
                          [-9.186, 28.5],
                          [27.566, -5.436],
                          [33.974, 0],
                          [-2.007, -67.564],
                          [0.073, 1.079],
                          [87.387, 122.37],
                          [-39.04, -48.734],
                          [12.975, 13.721],
                          [0, 0],
                          [-49.325, -26.607],
                          [15.949, 8.411],
                          [-75.945, 26.843],
                          [55.431, 0.055],
                          [9.724, 1.165],
                          [-66.884, 0.089]
                        ],
                        "o": [
                          [226.416, 0],
                          [0, -5.327],
                          [24.091, -17.427],
                          [-22.466, 9.955],
                          [25.692, -15.38],
                          [-24.163, 14.338],
                          [-23.276, -24.751],
                          [-67.596, 0],
                          [3.542, 119.228],
                          [-4.679, -69.151],
                          [-46.288, 44.066],
                          [-17.873, -5.911],
                          [0, 0],
                          [-17.062, 55.281],
                          [-18.138, -0.281],
                          [-22.571, 90.873],
                          [-44.161, 31.218],
                          [-9.795, -0.019],
                          [56.29, 36.123],
                          [0, 0]
                        ],
                        "v": [
                          [-111.312, 243.765],
                          [238.944, -106.491],
                          [238.584, -122.402],
                          [300, -186.122],
                          [229.296, -166.754],
                          [283.416, -234.843],
                          [205.248, -204.962],
                          [115.491, -243.765],
                          [-7.726, -120.55],
                          [18.989, -79.519],
                          [-223.077, -277.04],
                          [-236.044, -111.006],
                          [-283.001, -140.889],
                          [-283.457, -139.412],
                          [-227.79, 1.885],
                          [-279.606, -11.329],
                          [-120.232, 144.701],
                          [-270.696, 190.246],
                          [-300, 188.469],
                          [-111.312, 243.669]
                        ],
                        "c": false
                      }
                    ],
                    "e": [
                      {
                        "i": [
                          [0, 0],
                          [0, 162.673],
                          [0.36, 5.28],
                          [-16.527, 24.717],
                          [24.403, -2.885],
                          [-9.186, 28.5],
                          [27.566, -5.436],
                          [33.974, 0],
                          [0, -67.594],
                          [-2.119, -9.134],
                          [62.477, 76.864],
                          [-53.79, -35.918],
                          [17.116, 9.543],
                          [0, 0],
                          [-57.22, -11.558],
                          [18.443, 3.552],
                          [-52.534, -0.987],
                          [55.431, 0.055],
                          [9.724, 1.165],
                          [-66.884, 0.089]
                        ],
                        "o": [
                          [226.416, 0],
                          [0, -5.327],
                          [24.091, -17.427],
                          [-22.466, 9.955],
                          [25.692, -15.38],
                          [-24.163, 14.338],
                          [-23.276, -24.751],
                          [-67.596, 0],
                          [0, 9.377],
                          [-98.927, -4.958],
                          [-32.489, 55.929],
                          [-19.588, -0.58],
                          [0, 0],
                          [0.016, 58.376],
                          [-18.122, 4.942],
                          [16.086, 50.021],
                          [-43.582, 34.25],
                          [-9.795, -0.019],
                          [56.29, 36.123],
                          [0, 0]
                        ],
                        "v": [
                          [-111.312, 243.765],
                          [238.944, -106.491],
                          [238.584, -122.402],
                          [300, -186.122],
                          [229.296, -166.754],
                          [283.416, -234.843],
                          [205.248, -204.962],
                          [115.491, -243.765],
                          [-7.726, -120.55],
                          [-4.536, -92.691],
                          [-258.24, -221.306],
                          [-220.129, -56.979],
                          [-276, -72.387],
                          [-276, -70.827],
                          [-177.24, 49.846],
                          [-232.823, 51.957],
                          [-117.816, 137.446],
                          [-270.696, 190.246],
                          [-300, 188.469],
                          [-111.312, 243.669]
                        ],
                        "c": false
                      }
                    ]
                  },
                  {
                    "t": 110
                  }
                ],
                "ix": 2
              },
              "nm": "Path 1",
              "mn": "ADBE Vector Shape - Group",
              "hd": false
            },
            {
              "ty": "fl",
              "c": {
                "a": 0,
                "k": [0, 0, 0, 1],
                "ix": 4
              },
              "o": {
                "a": 0,
                "k": 100,
                "ix": 5
              },
              "r": 1,
              "nm": "Fill 1",
              "mn": "ADBE Vector Graphic - Fill",
              "hd": false
            },
            {
              "ty": "tr",
              "p": {
                "a": 0,
                "k": [0, 0],
                "ix": 2
              },
              "a": {
                "a": 0,
                "k": [0, 0],
                "ix": 1
              },
              "s": {
                "a": 0,
                "k": [100, 100],
                "ix": 3
              },
              "r": {
                "a": 0,
                "k": 0,
                "ix": 6
              },
              "o": {
                "a": 0,
                "k": 100,
                "ix": 7
              },
              "sk": {
                "a": 0,
                "k": 0,
                "ix": 4
              },
              "sa": {
                "a": 0,
                "k": 0,
                "ix": 5
              },
              "nm": "Transform"
            }
          ],
          "nm": "Group 1",
          "np": 2,
          "cix": 2,
          "ix": 1,
          "mn": "ADBE Vector Group",
          "hd": false
        }
      ],
      "ip": 0,
      "op": 120,
      "st": 0,
      "bm": 0
    }
  ],
  "markers": []
}
