{
  "v": "5.3.4",
  "fr": 48,
  "ip": 0,
  "op": 120,
  "w": 400,
  "h": 580,
  "nm": "drop2",
  "ddd": 0,
  "assets": [],
  "layers": [
    {
      "ddd": 0,
      "ind": 1,
      "ty": 4,
      "nm": "Слой 9",
      "sr": 1,
      "ks": {
        "o": {
          "a": 0,
          "k": 100,
          "ix": 11
        },
        "r": {
          "a": 1,
          "k": [
            {
              "i": {
                "x": [0.667],
                "y": [1]
              },
              "o": {
                "x": [0.528],
                "y": [0]
              },
              "n": ["0p667_1_0p528_0"],
              "t": 24,
              "s": [-180],
              "e": [0]
            },
            {
              "i": {
                "x": [0.667],
                "y": [1]
              },
              "o": {
                "x": [0.333],
                "y": [0]
              },
              "n": ["0p667_1_0p333_0"],
              "t": 41,
              "s": [0],
              "e": [0]
            },
            {
              "i": {
                "x": [0.667],
                "y": [1]
              },
              "o": {
                "x": [0.636],
                "y": [0]
              },
              "n": ["0p667_1_0p636_0"],
              "t": 89,
              "s": [0],
              "e": [-180]
            },
            {
              "t": 111
            }
          ],
          "ix": 10
        },
        "p": {
          "a": 1,
          "k": [
            {
              "i": {
                "x": 0,
                "y": 1
              },
              "o": {
                "x": 0.333,
                "y": 0
              },
              "n": "0_1_0p333_0",
              "t": 0,
              "s": [202, 250, 0],
              "e": [200, 218, 0],
              "to": [0, 0, 0],
              "ti": [0, 0, 0]
            },
            {
              "i": {
                "x": 0.027,
                "y": 1
              },
              "o": {
                "x": 0.333,
                "y": 0
              },
              "n": "0p027_1_0p333_0",
              "t": 9,
              "s": [200, 218, 0],
              "e": [200, 389, 0],
              "to": [0, 0, 0],
              "ti": [0, 0, 0]
            },
            {
              "i": {
                "x": 0.267,
                "y": 1
              },
              "o": {
                "x": 0.333,
                "y": 0
              },
              "n": "0p267_1_0p333_0",
              "t": 24,
              "s": [200, 389, 0],
              "e": [200, 250, 0],
              "to": [0, 0, 0],
              "ti": [0, 0, 0]
            },
            {
              "i": {
                "x": 0,
                "y": 1
              },
              "o": {
                "x": 0.333,
                "y": 0
              },
              "n": "0_1_0p333_0",
              "t": 41,
              "s": [200, 250, 0],
              "e": [200, 290, 0],
              "to": [0, 0, 0],
              "ti": [0, 0, 0]
            },
            {
              "i": {
                "x": 0.392,
                "y": 0.392
              },
              "o": {
                "x": 0.333,
                "y": 0.333
              },
              "n": "0p392_0p392_0p333_0p333",
              "t": 48,
              "s": [200, 290, 0],
              "e": [200, 290, 0],
              "to": [0, 0, 0],
              "ti": [0, 0, 0]
            },
            {
              "i": {
                "x": 0,
                "y": 1
              },
              "o": {
                "x": 0.333,
                "y": 0
              },
              "n": "0_1_0p333_0",
              "t": 72,
              "s": [200, 290, 0],
              "e": [200, 250, 0],
              "to": [0, 0, 0],
              "ti": [0, 0, 0]
            },
            {
              "i": {
                "x": 0.279,
                "y": 1
              },
              "o": {
                "x": 0.333,
                "y": 0
              },
              "n": "0p279_1_0p333_0",
              "t": 79,
              "s": [200, 250, 0],
              "e": [200, 389, 0],
              "to": [0, 0, 0],
              "ti": [0, 0, 0]
            },
            {
              "i": {
                "x": 0.159,
                "y": 1
              },
              "o": {
                "x": 0.333,
                "y": 0
              },
              "n": "0p159_1_0p333_0",
              "t": 96,
              "s": [200, 389, 0],
              "e": [200, 218, 0],
              "to": [0, 0, 0],
              "ti": [0, 0, 0]
            },
            {
              "i": {
                "x": 0.067,
                "y": 1
              },
              "o": {
                "x": 0.333,
                "y": 0
              },
              "n": "0p067_1_0p333_0",
              "t": 109,
              "s": [200, 218, 0],
              "e": [202, 250, 0],
              "to": [0, 0, 0],
              "ti": [0, 0, 0]
            },
            {
              "t": 120
            }
          ],
          "ix": 2
        },
        "a": {
          "a": 0,
          "k": [-2, -59.957, 0],
          "ix": 1
        },
        "s": {
          "a": 0,
          "k": [100, 100, 100],
          "ix": 6
        }
      },
      "ao": 0,
      "shapes": [
        {
          "ty": "gr",
          "it": [
            {
              "ind": 0,
              "ty": "sh",
              "ix": 1,
              "ks": {
                "a": 0,
                "k": {
                  "i": [
                    [0.392, -0.635],
                    [0, 0],
                    [-0.785, 0],
                    [0, 0],
                    [0.412, 0.668],
                    [0, 0]
                  ],
                  "o": [
                    [0, 0],
                    [-0.412, 0.668],
                    [0, 0],
                    [0.785, 0],
                    [0, 0],
                    [-0.392, -0.635]
                  ],
                  "v": [
                    [-0.854, -218.379],
                    [-146.345, 17.412],
                    [-145.492, 18.942],
                    [145.492, 18.942],
                    [146.345, 17.412],
                    [0.854, -218.379]
                  ],
                  "c": true
                },
                "ix": 2
              },
              "nm": "Path 1",
              "mn": "ADBE Vector Shape - Group",
              "hd": false
            },
            {
              "ty": "st",
              "c": {
                "a": 0,
                "k": [0, 0.447, 0.961, 1],
                "ix": 3
              },
              "o": {
                "a": 0,
                "k": 100,
                "ix": 4
              },
              "w": {
                "a": 0,
                "k": 60,
                "ix": 5
              },
              "lc": 1,
              "lj": 2,
              "nm": "Stroke 1",
              "mn": "ADBE Vector Graphic - Stroke",
              "hd": false
            },
            {
              "ty": "tr",
              "p": {
                "a": 0,
                "k": [0, 0],
                "ix": 2
              },
              "a": {
                "a": 0,
                "k": [0, 0],
                "ix": 1
              },
              "s": {
                "a": 0,
                "k": [100, 100],
                "ix": 3
              },
              "r": {
                "a": 0,
                "k": 0,
                "ix": 6
              },
              "o": {
                "a": 0,
                "k": 100,
                "ix": 7
              },
              "sk": {
                "a": 0,
                "k": 0,
                "ix": 4
              },
              "sa": {
                "a": 0,
                "k": 0,
                "ix": 5
              },
              "nm": "Transform"
            }
          ],
          "nm": "Group 1",
          "np": 2,
          "cix": 2,
          "ix": 1,
          "mn": "ADBE Vector Group",
          "hd": false
        }
      ],
      "ip": 0,
      "op": 120,
      "st": 0,
      "bm": 0
    }
  ],
  "markers": []
}
