{
  "v": "5.3.4",
  "fr": 48,
  "ip": 0,
  "op": 96,
  "w": 1000,
  "h": 1000,
  "nm": "Dropdown  Accordion",
  "ddd": 0,
  "assets": [],
  "layers": [
    {
      "ddd": 0,
      "ind": 1,
      "ty": 4,
      "nm": "ATTGARROW Outlines",
      "sr": 1,
      "ks": {
        "o": {
          "a": 0,
          "k": 100,
          "ix": 11
        },
        "r": {
          "a": 0,
          "k": 0,
          "ix": 10
        },
        "p": {
          "a": 1,
          "k": [
            {
              "i": {
                "x": 0.135,
                "y": 1
              },
              "o": {
                "x": 0.333,
                "y": 0
              },
              "n": "0p135_1_0p333_0",
              "t": 0,
              "s": [491.938, 499.081, 0],
              "e": [491.938, 314.081, 0],
              "to": [0, 0, 0],
              "ti": [0, 0, 0]
            },
            {
              "i": {
                "x": 0.215,
                "y": 1
              },
              "o": {
                "x": 0.598,
                "y": 0
              },
              "n": "0p215_1_0p598_0",
              "t": 15,
              "s": [491.938, 314.081, 0],
              "e": [491.938, 674.081, 0],
              "to": [0, 0, 0],
              "ti": [0, 0, 0]
            },
            {
              "i": {
                "x": 0,
                "y": 1
              },
              "o": {
                "x": 0.333,
                "y": 0
              },
              "n": "0_1_0p333_0",
              "t": 28,
              "s": [491.938, 674.081, 0],
              "e": [491.938, 499.081, 0],
              "to": [0, 0, 0],
              "ti": [0, 0, 0]
            },
            {
              "i": {
                "x": 0.601,
                "y": 0.601
              },
              "o": {
                "x": 0.333,
                "y": 0.333
              },
              "n": "0p601_0p601_0p333_0p333",
              "t": 36,
              "s": [491.938, 499.081, 0],
              "e": [491.938, 499.081, 0],
              "to": [0, 0, 0],
              "ti": [0, 0, 0]
            },
            {
              "i": {
                "x": 0,
                "y": 1
              },
              "o": {
                "x": 0.333,
                "y": 0
              },
              "n": "0_1_0p333_0",
              "t": 60,
              "s": [491.938, 499.081, 0],
              "e": [491.938, 674.081, 0],
              "to": [0, 0, 0],
              "ti": [0, 0, 0]
            },
            {
              "i": {
                "x": 0.279,
                "y": 1
              },
              "o": {
                "x": 0.333,
                "y": 0
              },
              "n": "0p279_1_0p333_0",
              "t": 70,
              "s": [491.938, 674.081, 0],
              "e": [491.938, 314.081, 0],
              "to": [0, 0, 0],
              "ti": [0, 0, 0]
            },
            {
              "i": {
                "x": 0,
                "y": 1
              },
              "o": {
                "x": 0.333,
                "y": 0
              },
              "n": "0_1_0p333_0",
              "t": 86,
              "s": [491.938, 314.081, 0],
              "e": [491.938, 499.081, 0],
              "to": [0, 0, 0],
              "ti": [0, 0, 0]
            },
            {
              "t": 95
            }
          ],
          "ix": 2
        },
        "a": {
          "a": 0,
          "k": [500, 500, 0],
          "ix": 1
        },
        "s": {
          "a": 0,
          "k": [100, 100, 100],
          "ix": 6
        }
      },
      "ao": 0,
      "shapes": [
        {
          "ty": "gr",
          "it": [
            {
              "ind": 0,
              "ty": "sh",
              "ix": 1,
              "ks": {
                "a": 1,
                "k": [
                  {
                    "i": {
                      "x": 0.176,
                      "y": 1
                    },
                    "o": {
                      "x": 0.333,
                      "y": 0
                    },
                    "n": "0p176_1_0p333_0",
                    "t": 5,
                    "s": [
                      {
                        "i": [
                          [0, 0],
                          [0, 0],
                          [0, 0]
                        ],
                        "o": [
                          [0, 0],
                          [0, 0],
                          [0, 0]
                        ],
                        "v": [
                          [-222.5, 111.25],
                          [0, -111.25],
                          [222.5, 111.25]
                        ],
                        "c": false
                      }
                    ],
                    "e": [
                      {
                        "i": [
                          [0, 0],
                          [0, 0],
                          [0, 0]
                        ],
                        "o": [
                          [0, 0],
                          [0, 0],
                          [0, 0]
                        ],
                        "v": [
                          [-104.062, 19.075],
                          [11.299, 95.396],
                          [120.062, 19.436]
                        ],
                        "c": false
                      }
                    ]
                  },
                  {
                    "i": {
                      "x": 0.099,
                      "y": 1
                    },
                    "o": {
                      "x": 0.333,
                      "y": 0
                    },
                    "n": "0p099_1_0p333_0",
                    "t": 22,
                    "s": [
                      {
                        "i": [
                          [0, 0],
                          [0, 0],
                          [0, 0]
                        ],
                        "o": [
                          [0, 0],
                          [0, 0],
                          [0, 0]
                        ],
                        "v": [
                          [-104.062, 19.075],
                          [11.299, 95.396],
                          [120.062, 19.436]
                        ],
                        "c": false
                      }
                    ],
                    "e": [
                      {
                        "i": [
                          [0, 0],
                          [0, 0],
                          [0, 0]
                        ],
                        "o": [
                          [0, 0],
                          [0, 0],
                          [0, 0]
                        ],
                        "v": [
                          [-218.5, -106.75],
                          [10, 122.75],
                          [232.5, -105.75]
                        ],
                        "c": false
                      }
                    ]
                  },
                  {
                    "i": {
                      "x": 0,
                      "y": 1
                    },
                    "o": {
                      "x": 0.333,
                      "y": 0
                    },
                    "n": "0_1_0p333_0",
                    "t": 36,
                    "s": [
                      {
                        "i": [
                          [0, 0],
                          [0, 0],
                          [0, 0]
                        ],
                        "o": [
                          [0, 0],
                          [0, 0],
                          [0, 0]
                        ],
                        "v": [
                          [-218.5, -106.75],
                          [10, 122.75],
                          [232.5, -105.75]
                        ],
                        "c": false
                      }
                    ],
                    "e": [
                      {
                        "i": [
                          [0, 0],
                          [0, 0],
                          [0, 0]
                        ],
                        "o": [
                          [0, 0],
                          [0, 0],
                          [0, 0]
                        ],
                        "v": [
                          [-218.5, -106.75],
                          [10, 122.75],
                          [232.5, -105.75]
                        ],
                        "c": false
                      }
                    ]
                  },
                  {
                    "i": {
                      "x": 0.048,
                      "y": 1
                    },
                    "o": {
                      "x": 0.333,
                      "y": 0
                    },
                    "n": "0p048_1_0p333_0",
                    "t": 60,
                    "s": [
                      {
                        "i": [
                          [0, 0],
                          [0, 0],
                          [0, 0]
                        ],
                        "o": [
                          [0, 0],
                          [0, 0],
                          [0, 0]
                        ],
                        "v": [
                          [-218.5, -106.75],
                          [10, 122.75],
                          [232.5, -105.75]
                        ],
                        "c": false
                      }
                    ],
                    "e": [
                      {
                        "i": [
                          [0, 0],
                          [0, 0],
                          [0, 0]
                        ],
                        "o": [
                          [0, 0],
                          [0, 0],
                          [0, 0]
                        ],
                        "v": [
                          [-104.062, 19.075],
                          [11.299, 95.396],
                          [120.062, 19.436]
                        ],
                        "c": false
                      }
                    ]
                  },
                  {
                    "i": {
                      "x": 0.043,
                      "y": 1
                    },
                    "o": {
                      "x": 0.333,
                      "y": 0
                    },
                    "n": "0p043_1_0p333_0",
                    "t": 78,
                    "s": [
                      {
                        "i": [
                          [0, 0],
                          [0, 0],
                          [0, 0]
                        ],
                        "o": [
                          [0, 0],
                          [0, 0],
                          [0, 0]
                        ],
                        "v": [
                          [-104.062, 19.075],
                          [11.299, 95.396],
                          [120.062, 19.436]
                        ],
                        "c": false
                      }
                    ],
                    "e": [
                      {
                        "i": [
                          [0, 0],
                          [0, 0],
                          [0, 0]
                        ],
                        "o": [
                          [0, 0],
                          [0, 0],
                          [0, 0]
                        ],
                        "v": [
                          [-222.5, 111.25],
                          [0, -111.25],
                          [222.5, 111.25]
                        ],
                        "c": false
                      }
                    ]
                  },
                  {
                    "t": 95
                  }
                ],
                "ix": 2
              },
              "nm": "Path 1",
              "mn": "ADBE Vector Shape - Group",
              "hd": false
            },
            {
              "ty": "st",
              "c": {
                "a": 0,
                "k": [0, 0.447, 0.961, 1],
                "ix": 3
              },
              "o": {
                "a": 0,
                "k": 100,
                "ix": 4
              },
              "w": {
                "a": 0,
                "k": 80,
                "ix": 5
              },
              "lc": 3,
              "lj": 1,
              "ml": 10,
              "ml2": {
                "a": 0,
                "k": 10,
                "ix": 8
              },
              "nm": "Stroke 1",
              "mn": "ADBE Vector Graphic - Stroke",
              "hd": false
            },
            {
              "ty": "tr",
              "p": {
                "a": 0,
                "k": [500, 500],
                "ix": 2
              },
              "a": {
                "a": 0,
                "k": [0, 0],
                "ix": 1
              },
              "s": {
                "a": 0,
                "k": [100, 100],
                "ix": 3
              },
              "r": {
                "a": 0,
                "k": 0,
                "ix": 6
              },
              "o": {
                "a": 0,
                "k": 100,
                "ix": 7
              },
              "sk": {
                "a": 0,
                "k": 0,
                "ix": 4
              },
              "sa": {
                "a": 0,
                "k": 0,
                "ix": 5
              },
              "nm": "Transform"
            }
          ],
          "nm": "Group 1",
          "np": 2,
          "cix": 2,
          "ix": 1,
          "mn": "ADBE Vector Group",
          "hd": false
        }
      ],
      "ip": 0,
      "op": 99,
      "st": 0,
      "bm": 0
    }
  ],
  "markers": []
}
